resource_name,source_file,sheet_name,row_count,column_count
12yue_shou_zhi_biao_hui_zong_2025nian_12yue_ying_shou_wei_shou,12月收支表汇总.xlsx,2025年12月应收未收,97,15
12yue_shou_zhi_biao_hui_zong_2025nian_12yue_qu_dao_zong_zhi_chu_shou_ru,12月收支表汇总.xlsx,2025年12月渠道总支出收入,80,13
12yue_shou_zhi_biao_hui_zong_2025nian_11yue_ying_shou_wei_shou,12月收支表汇总.xlsx,2025年11月应收未收,65,14
12yue_shou_zhi_biao_hui_zong_2025nian_11yue_qu_dao_zong_zhi_chu_shou_ru,12月收支表汇总.xlsx,2025年11月渠道总支出收入,74,15
12yue_shou_zhi_biao_hui_zong_2025nian_10yue_ying_shou_wei_shou,12月收支表汇总.xlsx,2025年10月应收未收,53,13
12yue_shou_zhi_biao_hui_zong_2025nian_10yue_qu_dao_zong_zhi_chu_shou_ru,12月收支表汇总.xlsx,2025年10月渠道总支出收入,81,14
12yue_shou_zhi_biao_hui_zong_2025nian_9yue_ying_shou_wei_shou,12月收支表汇总.xlsx,2025年9月应收未收,55,13
12yue_shou_zhi_biao_hui_zong_2025nian_9yue_qu_dao_zong_zhi_chu_shou_ru,12月收支表汇总.xlsx,2025年9月渠道总支出收入,87,14
12yue_shou_zhi_biao_hui_zong_2025nian_8yue_ying_shou_wei_shou,12月收支表汇总.xlsx,2025年8月应收未收,80,15
12yue_shou_zhi_biao_hui_zong_2025nian_8yue_qu_dao_zong_zhi_chu_shou_ru,12月收支表汇总.xlsx,2025年8月渠道总支出收入,93,14
12yue_shou_zhi_biao_hui_zong_2025nian_7yue_ying_shou_wei_shou,12月收支表汇总.xlsx,2025年7月应收未收,59,15
12yue_shou_zhi_biao_hui_zong_2025nian_7yue_qu_dao_zong_zhi_chu_shou_ru,12月收支表汇总.xlsx,2025年7月渠道总支出收入,91,13
12yue_shou_zhi_biao_hui_zong_2025nian_6yue_ying_shou_wei_shou,12月收支表汇总.xlsx,2025年6月应收未收,54,15
12yue_shou_zhi_biao_hui_zong_2025nian_6yue_qu_dao_zong_zhi_chu_shou_ru,12月收支表汇总.xlsx,2025年6月渠道总支出收入,65,13
12yue_shou_zhi_biao_hui_zong_2025nian_5yue_ying_shou_wei_shou,12月收支表汇总.xlsx,2025年5月应收未收,62,15
12yue_shou_zhi_biao_hui_zong_2025nian_5yue_qu_dao_zong_zhi_chu_shou_ru,12月收支表汇总.xlsx,2025年5月渠道总支出收入,104,15
12yue_shou_zhi_biao_hui_zong_2025nian_4yue_ying_shou_wei_shou,12月收支表汇总.xlsx,2025年4月应收未收,97,15
12yue_shou_zhi_biao_hui_zong_2025nian_4yue_qu_dao_zong_zhi_chu_shou_ru,12月收支表汇总.xlsx,2025年4月渠道总支出收入,105,15
12yue_shou_zhi_biao_hui_zong_2025nian_3yue_ying_shou_wei_shou,12月收支表汇总.xlsx,2025年3月应收未收,27,13
12yue_shou_zhi_biao_hui_zong_2025nian_3yue_qu_dao_zong_zhi_chu_shou_ru,12月收支表汇总.xlsx,2025年3月渠道总支出收入,108,14
12yue_shou_zhi_biao_hui_zong_2025nian_2yue_ying_shou_wei_shou,12月收支表汇总.xlsx,2025年2月应收未收,60,19
12yue_shou_zhi_biao_hui_zong_2025nian_2yue_qu_dao_zong_zhi_chu_shou_ru,12月收支表汇总.xlsx,2025年2月渠道总支出收入,89,13
12yue_shou_zhi_biao_hui_zong_2025nian_1yue_ying_shou_wei_shou,12月收支表汇总.xlsx,2025年1月应收未收,17,13
12yue_shou_zhi_biao_hui_zong_2025nian_1yue_qu_dao_zong_zhi_chu_shou_ru,12月收支表汇总.xlsx,2025年1月渠道总支出收入,127,15
12yue_shou_zhi_biao_hui_zong_shou_zhi_biao_hui_zong,12月收支表汇总.xlsx,收支表汇总,24,21
12yue_shou_zhi_biao_hui_zong_12yue_ying_shou_wei_shou,12月收支表汇总.xlsx,12月应收未收,13,13
12yue_shou_zhi_biao_hui_zong_12yue_qu_dao_zong_zhi_chu_shou_ru,12月收支表汇总.xlsx,12月渠道总支出收入,117,16
12yue_shou_zhi_biao_hui_zong_11yue_qu_dao_zong_zhi_chu_shou_ru,12月收支表汇总.xlsx,11月渠道总支出收入,117,16
12yue_shou_zhi_biao_hui_zong_11yue_ying_shou_wei_shou,12月收支表汇总.xlsx,11月应收未收,23,14
12yue_shou_zhi_biao_hui_zong_10yue_ying_shou_wei_shou,12月收支表汇总.xlsx,10月应收未收,12,9
12yue_shou_zhi_biao_hui_zong_10yue_qu_dao_zong_zhi_chu_shou_ru,12月收支表汇总.xlsx,10月渠道总支出收入,131,16
12yue_shou_zhi_biao_hui_zong_9yue_ying_shou_wei_shou,12月收支表汇总.xlsx,9月应收未收,35,13
12yue_shou_zhi_biao_hui_zong_9yue_qu_dao_zong_zhi_chu_shou_ru,12月收支表汇总.xlsx,9月渠道总支出收入,92,13
12yue_shou_zhi_biao_hui_zong_8yue_ying_shou_wei_shou,12月收支表汇总.xlsx,8月应收未收,19,8
12yue_shou_zhi_biao_hui_zong_8yue_qu_dao_zong_zhi_chu_shou_ru,12月收支表汇总.xlsx,8月渠道总支出收入,54,8
12yue_shou_zhi_biao_hui_zong_7yue_ying_shou_wei_shou,12月收支表汇总.xlsx,7月应收未收,11,16
12yue_shou_zhi_biao_hui_zong_6yue_ying_shou_wei_shou,12月收支表汇总.xlsx,6月应收未收,16,8
12yue_shou_zhi_biao_hui_zong_6yue_wei_shou_cheng_cheng,12月收支表汇总.xlsx,6月未收-成成,42,11
12yue_shou_zhi_biao_hui_zong_5yue_ying_shou_wei_shou,12月收支表汇总.xlsx,5月应收未收,17,8
12yue_shou_zhi_biao_hui_zong_4yue_ying_shou_wei_shou,12月收支表汇总.xlsx,4月应收未收,20,10
12yue_shou_zhi_biao_hui_zong_ying_shou_wei_shou_mo_ban,12月收支表汇总.xlsx,应收未收-模板,12,1
12yue_xiao_hao_hui_zong_zz_12yue_xiao_hao_hui_zong_biao,12月消耗汇总-ZZ.xlsx,12月消耗汇总表,396,13
12yue_xiao_hao_hui_zong_zz_12cheng_ben_biao,12月消耗汇总-ZZ.xlsx,12成本表,0,0
12yue_xiao_hao_hui_zong_zz_12xiang_mu_biao,12月消耗汇总-ZZ.xlsx,12项目表,0,0
12yue_xiao_hao_hui_zong_zz_12yin_du,12月消耗汇总-ZZ.xlsx,12印度,0,0
12yue_xiao_hao_hui_zong_zz_12yue_ping_tai_xiao_hao,12月消耗汇总-ZZ.xlsx,12月平台消耗,0,0
12yue_xiao_hao_hui_zong_zz_12yue_guan_fang_shou_quan_hu_15xiao_hao,12月消耗汇总-ZZ.xlsx,12月官方授权户-15消耗,22,12
12yue_xiao_hao_hui_zong_zz_11yue_xiao_hao_hui_zong_biao,12月消耗汇总-ZZ.xlsx,11月消耗汇总表,459,13
12yue_xiao_hao_hui_zong_zz_11ti_cheng,12月消耗汇总-ZZ.xlsx,11提成,0,0
12yue_xiao_hao_hui_zong_zz_11yin_du,12月消耗汇总-ZZ.xlsx,11印度,0,0
12yue_xiao_hao_hui_zong_zz_10yue_xiao_hao_hui_zong_biao,12月消耗汇总-ZZ.xlsx,10月消耗汇总表,601,13
12yue_xiao_hao_hui_zong_zz_10cheng_ben_biao,12月消耗汇总-ZZ.xlsx,10成本表,0,0
12yue_xiao_hao_hui_zong_zz_10ti_cheng,12月消耗汇总-ZZ.xlsx,10提成,0,0
12yue_xiao_hao_hui_zong_zz_10xiang_mu_biao,12月消耗汇总-ZZ.xlsx,10项目表,0,0
12yue_xiao_hao_hui_zong_zz_10yue_ping_tai_xiao_hao,12月消耗汇总-ZZ.xlsx,10月平台消耗,0,0
12yue_xiao_hao_hui_zong_zz_9yue_xiao_hao_hui_zong_biao,12月消耗汇总-ZZ.xlsx,9月消耗汇总表,494,13
12yue_xiao_hao_hui_zong_zz_8yue_xiao_hao_hui_zong_biao,12月消耗汇总-ZZ.xlsx,8月消耗汇总表,295,13
12yue_xiao_hao_hui_zong_zz_7yue_xiao_hao_hui_zong_biao,12月消耗汇总-ZZ.xlsx,7月消耗汇总表,487,13
12yue_xiao_hao_hui_zong_zz_xiao_hao_hui_zong_biao_mo_ban,12月消耗汇总-ZZ.xlsx,消耗汇总表（模版）,0,0
zz_dai_li_chong_zhi_hui_zong_biao_2025nian_12yue_mo_ban,ZZ-代理充值汇总表-2025年12月.xlsx,模板,43,4
zz_dai_li_chong_zhi_hui_zong_biao_2025nian_12yue_yi_tui_gu_ge_gong_xiang_hu_lao_hu,ZZ-代理充值汇总表-2025年12月.xlsx,已退，谷歌共享户老户,43,14
zz_dai_li_chong_zhi_hui_zong_biao_2025nian_12yue_guan_fang_shou_quan_hu_15,ZZ-代理充值汇总表-2025年12月.xlsx,官方授权户-15,43,12
zz_dai_li_chong_zhi_hui_zong_biao_2025nian_12yue_vcc_102524_fu_wu_fei_1_tai_hua_xu_ni_qia,ZZ-代理充值汇总表-2025年12月.xlsx,Vcc-102524 服务费1（泰华）虚拟卡,43,14
zz_dai_li_chong_zhi_hui_zong_biao_2025nian_12yue_vcc_xin_xi_tong,ZZ-代理充值汇总表-2025年12月.xlsx,VCC-新系统,43,11
zz_dai_li_chong_zhi_hui_zong_biao_2025nian_12yue_y_5208_fbou_mei_hu,ZZ-代理充值汇总表-2025年12月.xlsx,Y-5208 FB欧美户,44,17
zz_dai_li_chong_zhi_hui_zong_biao_2025nian_12yue_fkz,ZZ-代理充值汇总表-2025年12月.xlsx,FKZ,43,14
zz_dai_li_chong_zhi_hui_zong_biao_2025nian_12yue_lu_ren_hu_dong_hai_zong_50_7_shan_zhi,ZZ-代理充值汇总表-2025年12月.xlsx,路人互动-海总（50-7）山治,43,17
zz_dai_li_chong_zhi_hui_zong_biao_2025nian_12yue_lu_ren_hu_dong_xi_tong,ZZ-代理充值汇总表-2025年12月.xlsx,路人互动-系统,43,16
zz_dai_li_chong_zhi_hui_zong_biao_2025nian_12yue_shi_yue_er_bu_xian_tai_hua,ZZ-代理充值汇总表-2025年12月.xlsx,十月二不限——（泰华）,41,15
zz_dai_li_chong_zhi_hui_zong_biao_2025nian_12yue_anthony_fkz,ZZ-代理充值汇总表-2025年12月.xlsx,Anthony - FKZ,43,16
zz_dai_li_chong_zhi_hui_zong_biao_2025nian_12yue_lolo_fkz_5_dating,ZZ-代理充值汇总表-2025年12月.xlsx,Lolo - FKZ (~5% | dating),43,16
zz_dai_li_chong_zhi_hui_zong_biao_2025nian_12yue_tai_hua_me_fbhai_wai_hu,ZZ-代理充值汇总表-2025年12月.xlsx,泰华&ME-FB海外户,43,9
zz_dai_li_chong_zhi_hui_zong_biao_2025nian_12yue_gt_papaou_20_8_1_tk6_1,ZZ-代理充值汇总表-2025年12月.xlsx,GT&papa欧20+8+1 TK6+1,42,15
zz_dai_li_chong_zhi_hui_zong_biao_2025nian_12yue_hai_zong_hei_ze,ZZ-代理充值汇总表-2025年12月.xlsx,海总-黑泽,43,14
zz_dai_li_chong_zhi_hui_zong_biao_2025nian_12yue_shen_zhen_fang_lin_zi,ZZ-代理充值汇总表-2025年12月.xlsx,深圳芳林子,43,13
zz_dai_li_chong_zhi_hui_zong_biao_2025nian_12yue_feng_huang_luo_yang,ZZ-代理充值汇总表-2025年12月.xlsx,凤凰&洛阳,43,17
zz_dai_li_chong_zhi_hui_zong_biao_2025nian_12yue_bge_fbsan_bu_xian_101,ZZ-代理充值汇总表-2025年12月.xlsx,B哥-fb三不限10➕1,46,16
zz_dai_li_chong_zhi_hui_zong_biao_2025nian_12yue_yin_du_hu_yin_ni_qi_ye_hu,ZZ-代理充值汇总表-2025年12月.xlsx,印度户印尼企业户,45,14
zz_dai_li_chong_zhi_hui_zong_biao_2025nian_12yue_hai_zong_zhi_cheng_san_bu_xian,ZZ-代理充值汇总表-2025年12月.xlsx,海总&志诚三不限,132,18
zz_dai_li_chong_zhi_hui_zong_biao_2025nian_12yue_gu_ge_fan_tuan,ZZ-代理充值汇总表-2025年12月.xlsx,谷歌-饭团,43,11
zz_dai_li_chong_zhi_hui_zong_biao_2025nian_12yue_yin_du_qi_ye_hu_ou_zhou_mei_jin_hu_xia_hu_yi_tui,ZZ-代理充值汇总表-2025年12月.xlsx,印度企业户 欧洲美金户下户已退,43,14
zz_dai_li_chong_zhi_hui_zong_biao_2025nian_12yue_12yue_chong_zhi_hui_zong,ZZ-代理充值汇总表-2025年12月.xlsx,12月充值汇总,21,4
gong_si_ye_wu_zhang_dan_2025nian_12yue_shou_zhi_cai_wu_bao_biao,公司业务账单.xlsx,2025年12月收支财务报表,240,17
gong_si_ye_wu_zhang_dan_2025nian_11yue_shou_zhi_cai_wu_bao_biao,公司业务账单.xlsx,2025年11月收支财务报表,240,16
gong_si_ye_wu_zhang_dan_2025nian_10yue_shou_zhi_cai_wu_bao_biao,公司业务账单.xlsx,2025年10月收支财务报表,240,16
gong_si_ye_wu_zhang_dan_2025nian_9yue_shou_zhi_cai_wu_bao_biao,公司业务账单.xlsx,2025年9月收支财务报表,229,14
gong_si_ye_wu_zhang_dan_2025nian_8yue_shou_zhi_cai_wu_bao_biao,公司业务账单.xlsx,2025年8月收支财务报表,240,15
gong_si_ye_wu_zhang_dan_2025nian_7yue_shou_zhi_cai_wu_bao_biao,公司业务账单.xlsx,2025年7月收支财务报表,240,15
gong_si_ye_wu_zhang_dan_2025nian_6yue_shou_zhi_cai_wu_bao_biao,公司业务账单.xlsx,2025年6月收支财务报表,240,14
gong_si_ye_wu_zhang_dan_2025nian_5yue_shou_zhi_cai_wu_bao_biao,公司业务账单.xlsx,2025年5月收支财务报表,240,15
gong_si_ye_wu_zhang_dan_2025nian_4yue_shou_zhi_cai_wu_bao_biao,公司业务账单.xlsx,2025年4月收支财务报表,240,15
gong_si_ye_wu_zhang_dan_2025nian_3yue_shou_zhi_cai_wu_bao_biao,公司业务账单.xlsx,2025年3月收支财务报表,240,15
gong_si_ye_wu_zhang_dan_2025nian_2yue_shou_zhi_cai_wu_bao_biao,公司业务账单.xlsx,2025年2月收支财务报表,240,16
gong_si_ye_wu_zhang_dan_2025nian_1yue_shou_zhi_cai_wu_bao_biao,公司业务账单.xlsx,2025年1月收支财务报表,240,16
gong_si_ye_wu_zhang_dan_12yue_shou_zhi_cai_wu_bao_biao,公司业务账单.xlsx,12月收支财务报表,240,15
gong_si_ye_wu_zhang_dan_11yue_shou_zhi_cai_wu_bao_biao,公司业务账单.xlsx,11月收支财务报表,240,15
gong_si_ye_wu_zhang_dan_10yue_shou_zhi_cai_wu_bao_biao,公司业务账单.xlsx,10月收支财务报表,240,19
gong_si_ye_wu_zhang_dan_10yue_zhi_fu_bao_bei_yong_jin,公司业务账单.xlsx,10月支付宝备用金,240,12
gong_si_ye_wu_zhang_dan_10yue_wei_xin_bei_yong_jin,公司业务账单.xlsx,10月微信备用金,240,12
gong_si_ye_wu_zhang_dan_9yue_shou_zhi_cai_wu_bao_biao,公司业务账单.xlsx,9月收支财务报表,240,19
gong_si_ye_wu_zhang_dan_9yue_zhi_fu_bao_bei_yong_jin,公司业务账单.xlsx,9月支付宝备用金,240,12
gong_si_ye_wu_zhang_dan_9yue_wei_xin_bei_yong_jin,公司业务账单.xlsx,9月微信备用金,240,12
gong_si_ye_wu_zhang_dan_8yue_shou_zhi_cai_wu_bao_biao,公司业务账单.xlsx,8月收支财务报表,240,18
gong_si_ye_wu_zhang_dan_7yue_bei_yong_jin_chong_zhi_xiang_qing,公司业务账单.xlsx,7月备用金充值详情,105,13
gong_si_ye_wu_zhang_dan_7yue_shou_zhi_cai_wu_bao_biao,公司业务账单.xlsx,7月收支财务报表,240,16
gong_si_ye_wu_zhang_dan_8yue_zhang_dan_hu,公司业务账单.xlsx,8月账单户,240,12
gong_si_ye_wu_zhang_dan_8yue_bm,公司业务账单.xlsx,8月BM,240,12
gong_si_ye_wu_zhang_dan_8yue_bei_yong_jin_chong_zhi_xiang_qing,公司业务账单.xlsx,8月备用金充值详情,240,14
gong_si_ye_wu_zhang_dan_6yue_qi_hang_xiao_hchong_zhi_xiang_qing,公司业务账单.xlsx,6月启航小h充值详情,105,11
gong_si_ye_wu_zhang_dan_6yue_shou_zhi_cai_wu_bao_biao,公司业务账单.xlsx,6月收支财务报表,240,16
gong_si_ye_wu_zhang_dan_yue_shou_zhi_cai_wu_bao_biao_mo_ban,公司业务账单.xlsx,月收支财务报表（模板）,240,12
gong_si_ye_wu_zhang_dan_5yue_qi_hang_xiao_hchong_zhi_xiang_qing,公司业务账单.xlsx,5月启航小h充值详情,105,9
gong_si_ye_wu_zhang_dan_5yue_shou_zhi_cai_wu_bao_biao,公司业务账单.xlsx,5月收支财务报表,240,12
gong_si_ye_wu_zhang_dan_4yue_shou_zhi_cai_wu_bao_biao,公司业务账单.xlsx,4月收支财务报表,240,12
gong_si_ye_wu_zhang_dan_3yue_shou_zhi_cai_wu_bao_biao,公司业务账单.xlsx,3月收支财务报表,240,13
gong_si_ye_wu_zhang_dan_2yue_shou_zhi_cai_wu_bao_biao,公司业务账单.xlsx,2月收支财务报表,105,13
tou_shou_ri_bao_hui_fu_di_1_zhang_biao_dan_hui_fu,投手日报（回复）.xlsx,第 1 张表单回复,4765,11
tou_shou_ri_bao_hui_fu_mei_ri_ri_bao_tou_shi_biao,投手日报（回复）.xlsx,每日日报透视表,0,0
tou_shou_ri_bao_hui_fu_mei_yue_ri_bao_tou_shi_biao,投手日报（回复）.xlsx,每月日报透视表,0,0
tou_shou_ri_bao_hui_fu_tou_shou_xin_xi,投手日报（回复）.xlsx,投手信息,32,2
shou_zhi_biao_ming_xi_biao,收支表.xlsx,明细表,59,11
shou_zhi_biao_cheng_ben_biao,收支表.xlsx,成本表,4,5
shou_zhi_biao_li_run_biao,收支表.xlsx,利润表,4,7
