日期,地区,投手,账户名称/ID,账户种类,代理商,转点截图Today MAX,转点截图yesterday MAX,备注,手续费,实际消耗,"包含手续费
的消耗",开户费
2025-07-01,德国,HW,FV92-zs-tthd-1642  1815567322519393,美金户,开户美国三不限户,,0.04,历史消耗,,,,
2025-07-01,印度,SG,Momentus_client3-140425-5  549740840492004,印度户,深圳芳林子,65000.0,63251.55775,,335.3512236,1748.44225,2083.793474,
2025-07-01,印度,HW,VH_HK_9_ZYA-004  768369575850195 ,印度户,深圳芳林子,1268.202143,,,217.6234877,1268.202143,1485.825631,
2025-07-01,印度,HY,Momentus_client3-140425-4  187091920981012,印度户,深圳芳林子,6669.293125,3152.472375,,674.5262199,3516.82075,4191.34697,
2025-07-01,印度,YJ,Momentus_client3-140425-2  928490121876088,印度户,深圳芳林子,22800.44975,20858.88625,,372.3918793,1941.5635,2313.955379,
2025-07-01,印度,MY,Momentus_130225-1  998366051600669,印度企业户,B哥-印度户15➕1,953.888,88.137875,,139.8186452,865.750125,1005.56877,
2025-07-01,德国,SG,JNS-MIG-Goldp-100page--3-48  874825774392808,美金户,印度企业户 欧洲美金户,154.23,51.99,,12.2688,102.24,114.5088,
2025-07-01,德国,LYD,GAA-LY-40-B  674341622174942,美金户,凤凰&洛阳,15.72,,,2.358,15.72,18.078,
2025-07-01,德国,ZJ,BON-XANY-VND-0519-06  270564665627111,越南户,海总-黑泽-欧洲户对接,1962.29108,1935.28384,,2.452257392,27.00724,29.45949739,
2025-07-01,德国,ZJ,Quu-2803  2089020051607698,二不限,十月二不限——（泰华）,100.0,86.01,,0.1399,13.99,14.1299,
2025-07-01,德国,LYD,FV92-zs-tthd-1642  1815567322519393,美金户,开户美国三不限户,15.22,0.04,,1.0626,15.18,16.2426,
2025-07-02,印度,YK,Daniel Trading 04  715586863787702,印度企业户,海总新渠道,16.2325,,,1.785575,16.2325,18.018075,
2025-07-02,印度,HW,VH_HK_9_ZYA-004  768369575850195 ,印度户,深圳芳林子,2276.475476,1268.202143,,173.019704,1008.273333,1181.293037,
2025-07-02,印度,HW,FirstBridge_GF_034  1606662079955923,印度企业户,印度企业户 欧洲美金户,4012.848,,,642.05568,4012.848,4654.90368,
2025-07-02,印度,SG,Momentus_client3-140425-5  549740840492004,印度户,深圳芳林子,75403.82088,65000.0,,1995.452844,10403.82088,12399.27372,
2025-07-02,印度,YJ,Momentus_client3-140425-2  928490121876088,印度户,深圳芳林子,31569.01575,22800.44975,,1681.810959,8768.566,10450.37696,
2025-07-02,印度,MY,Momentus_130225-1  998366051600669,印度企业户,B哥-印度户15➕1,4524.016125,953.888,,576.5756922,3570.128125,4146.703817,
2025-07-02,印度,HY,Momentus_client3-140425-4  187091920981012,印度户,深圳芳林子,17573.565,6669.293125,,2091.439346,10904.27188,12995.71122,
2025-07-02,德国,SG,Quu-2008  1227525025693051,二不限,十月二不限——（泰华）,763.49,700.01,,0.6348,63.48,64.1148,
2025-07-02,德国,SG,JNS-MIG-Goldp-100page--3-48  874825774392808,美金户,印度企业户 欧洲美金户,199.69,154.23,,5.4552,45.46,50.9152,
2025-07-02,德国,YK,ADA-MUSH-zoner99-0606(DCD1)(GMT +7)(USD)2016  1592756984785015,美金户,启航,505.06,413.52,,13.86969697,91.54,105.409697,
2025-07-02,德国,LYD,GAA-LY-40-B  674341622174942,美金户,凤凰&洛阳,20.69,15.72,,0.7455,4.97,5.7155,
2025-07-03,德国,LYD,OC-SFD-OB-GUO-0516-1  1370079980689617,美金户,启航,,586.89,历史消耗,,,,
2025-07-03,德国,LYD,OC-SFD-OB-GUO-0520-1  1364872014664099,美金户,启航,,396.71,历史消耗,,,,
2025-07-03,德国,ZJ,OC-SFD-OB-GUO-0520-2  1200298588103864,美金户,启航,,,历史消耗,,,,
2025-07-03,德国,ZJ,OC-SFD-OB-GUO-0522-01  1017510920442509,美金户,启航,,,历史消耗,,,,
2025-07-03,德国,YK,OC-SFD-OB-GUO-0522-02  1057278136241649,美金户,启航,,11.28,历史消耗,,,,
2025-07-03,德国,YK,OC-SFD-OB-GUO-0522-03  1747502139192664,美金户,启航,,9.47,历史消耗,,,,
2025-07-03,印度,LYD,Daniel Trading 04  715586863787702,印度企业户,海总新渠道,11.957625,,,1.31533875,11.957625,13.27296375,
2025-07-03,印度,MY,Momentus_130225-1  998366051600669,印度企业户,B哥-印度户15➕1,5710.848375,4524.016125,,191.6734084,1186.83225,1378.505658,
2025-07-03,印度,MY,Xunfei_GF_21  1151902866551619,印度企业户,泰华&ME-FB海外户对接群,55.549625,,,8.88794,55.549625,64.437565,
2025-07-03,印度,HY,Momentus_client3-140425-4  187091920981012,印度户,深圳芳林子,28890.85975,17573.565,,2170.657133,11317.29475,13487.95188,
2025-07-03,印度,YK,Daniel Trading 04  715586863787702,印度企业户,海总新渠道,27.2925,16.2325,,1.2166,11.06,12.2766,
2025-07-03,印度,YJ,Momentus_client3-140425-2  928490121876088,印度户,深圳芳林子,39595.50038,31569.01575,,1539.479751,8026.484625,9565.964376,
2025-07-03,印度,SG,Momentus_client3-140425-5  549740840492004,印度户,深圳芳林子,91837.04213,75403.82088,,3151.891836,16433.22125,19585.11309,
2025-07-03,印度,HW,FirstBridge_GF_034  1606662079955923,印度企业户,印度企业户 欧洲美金户,12729.9145,4012.848,,1394.73064,8717.0665,10111.79714,
2025-07-03,德国,LYD,GAA-LY-40-B  674341622174942,美金户,凤凰&洛阳,41.99,20.69,,3.195,21.3,24.495,
2025-07-03,德国,LYD,OC-SFD-OB-GUO-0516-1  1370079980689617,美金户,启航,589.95,586.89,,0.34,3.06,3.4,
2025-07-03,德国,SG,Daniel Trading 04  715586863787702,印度企业户,海总新渠道,72.14,,,7.9354,72.14,80.0754,
2025-07-03,德国,YK,ADA-MUSH-zoner99-0606(DCD1)(GMT +7)(USD)2016  1592756984785015,美金户,启航,550.71,505.06,,6.916666667,45.65,52.56666667,
2025-07-03,德国,YK,JNS-MIG-Goldp-100page--3-59  1622963095201354,美金户,印度企业户 欧洲美金户,172.62,155.25,,2.0844,17.37,19.4544,
2025-07-04,印度,MY,Xunfei_GF_22   4742928909361966,印度户,泰华&ME-FB海外户对接群,,412.216,历史消耗,,,,
2025-07-04,印度,LYD,FirstBridge_GF_030  573567718851786,印度企业户,印度企业户 欧洲美金户,,4000.0,历史消耗,,,,
2025-07-04,印度,YJ,Momentus_client3-140425-2  928490121876088,印度户,深圳芳林子,41647.5725,39595.50038,,393.5874336,2052.072125,2445.659559,
2025-07-04,印度,MY,Momentus_client3-140425-4  187091920981012,印度户,深圳芳林子,3566.749,2067.2045,,287.6126351,1499.5445,1787.157135,
2025-07-04,印度,MY,Xunfei_GF_22   4742928909361966,印度企业户,泰华&ME-FB海外户对接群,542.703875,,,86.83262,542.703875,629.536495,
2025-07-04,印度,HW,FirstBridge_GF_034  1606662079955923,印度企业户,印度企业户 欧洲美金户,18925.17075,12729.9145,,991.241,6195.25625,7186.49725,
2025-07-04,印度,HY,Momentus_client3-140425-4  187091920981012,印度户,深圳芳林子,40602.44013,28890.85975,,2246.281116,11711.58038,13957.86149,
2025-07-04,印度,LYD,Daniel Trading 04  715586863787702,印度企业户,海总新渠道,280.2355,11.957625,,29.51056625,268.277875,297.7884413,
2025-07-04,印度,SG,Momentus_client3-140425-5  549740840492004,印度户,深圳芳林子,97589.17025,91837.04213,,1103.258174,5752.128125,6855.386299,
2025-07-04,德国,YK,OC-SFD-OB-GUO-0522-02  1057278136241649,美金户,启航,77.18,11.28,,7.322222222,65.9,73.22222222,
2025-07-04,德国,YK,OC-SFD-OB-GUO-0522-03  1747502139192664,美金户,启航,67.97,9.47,,6.5,58.5,65.0,
2025-07-05,意大利,HW,GAA-LY-183  1209577126987834,美金户,凤凰&洛阳,340.74,,,51.111,340.74,391.851,
2025-07-05,德国,ZJ,OC-SFD-OB-GUO-0520-2  1200298588103864,美金户,启航,94.0,,,10.44444444,94.0,104.4444444,
2025-07-05,德国,ZJ,OC-SFD-OB-GUO-0522-01  1017510920442509,美金户,启航,23.95,,,2.661111111,23.95,26.61111111,
2025-07-05,德国,MY,Kpp-118  1260858209097909,二不限,十月二不限——（泰华）,37.53,19.62,,0.1791,17.91,18.0891,
2025-07-05,德国,YK,OC-SFD-OB-GUO-0522-02  1057278136241649,美金户,启航,202.18,77.18,,13.88888889,125.0,138.8888889,
2025-07-05,德国,YK,OC-SFD-OB-GUO-0522-03  1747502139192664,美金户,启航,112.74,67.97,,4.974444444,44.77,49.74444444,
2025-07-06,印度,HW,FirstBridge_GF_034  1606662079955923,印度企业户,印度企业户 欧洲美金户,20358.75538,18925.17075,,229.37354,1433.584625,1662.958165,
2025-07-05,德国,LYD,OC-SFD-OB-GUO-0516-1  1370079980689617,美金户,启航,605.56,589.95,,1.734444444,15.61,17.34444444,
2025-07-06,印度,SG,Momentus_client3-140425-5  549740840492004,印度户,深圳芳林子,98157.15963,97589.17025,,108.9403621,567.989375,676.9297371,
2025-07-06,印度,SG,Momentus_client3-140425-4  187091920981012,印度户,深圳芳林子,41732.9755,40971.79088,,145.9952111,761.184625,907.1798361,
2025-07-06,印度,SG,Momentus_client3-140425-4  187091920981012,印度户,深圳芳林子,245.50375,,,47.08761925,245.50375,292.5913693,
2025-07-06,德国,ZJ,OC-SFD-OB-GUO-0520-2  1200298588103864,美金户,启航,237.57,94.0,,15.95222222,143.57,159.5222222,
2025-07-06,德国,ZJ,OC-SFD-OB-GUO-0522-01  1017510920442509,美金户,启航,158.9,23.95,,14.99444444,134.95,149.9444444,
2025-07-06,德国,YK,OC-SFD-OB-GUO-0522-02  1057278136241649,美金户,启航,355.81,202.18,,17.07,153.63,170.7,
2025-07-06,德国,YK,OC-SFD-OB-GUO-0522-03  1747502139192664,美金户,启航,145.29,112.74,,3.616666667,32.55,36.16666667,
2025-07-06,德国,YK,OC-SFD-OB-GUO-0705-05  1707827796474714,美金户,启航,22.5,,,2.5,22.5,25.0,
2025-07-06,德国,YK,Daniel Trading 04  715586863787702,印度企业户,海总新渠道,15.580625,,,1.71386875,15.580625,17.29449375,
2025-07-06,德国,LYD,OC-SFD-OB-GUO-0516-1  1370079980689617,美金户,启航,621.79,605.56,,1.803333333,16.23,18.03333333,
2025-07-07,德国,HW,GAA-LY-183  1209577126987834,美金户,凤凰&洛阳,349.88,340.74,,1.371,9.14,10.511,
2025-07-06,印度,HY,Momentus_client3-140425-4  187091920981012,印度户,深圳芳林子,40971.79088,40602.44013,,70.84147385,369.35075,440.1922238,
2025-07-07,印度,HY,Momentus_client3-140425-4  187091920981012,印度户,深圳芳林子,43470.31175,41732.9755,,333.2210928,1737.33625,2070.557343,
2025-07-07,印度,MY,Momentus_client3-140425-4  187091920981012,印度户,深圳芳林子,5494.153,3566.749,,322.5891872,1681.904,2004.493187,
2025-07-07,印度,SG,Momentus_client3-140425-5  549740840492004,印度户,深圳芳林子,98898.28038,98157.15963,,142.1469599,741.12075,883.2677099,
2025-07-07,印度,LYD,FirstBridge_GF_030  573567718851786,印度企业户,印度企业户 欧洲美金户,195.706,,,29.3559,195.706,225.0619,
2025-07-07,印度,YJ,FirstBridge_GF_040  2793150467536488,印度企业户,海总新渠道,179.24875,,,23.3023375,179.24875,202.5510875,
2025-07-07,印度,YJ,Momentus_client3-140425-2  928490121876088,印度户,深圳芳林子,43756.13638,41647.5725,,404.4225512,2108.563875,2512.986426,
2025-07-07,印度,HW,FirstBridge_GF_034  1606662079955923,印度企业户,印度企业户 欧洲美金户,22220.81388,20358.75538,,297.92936,1862.0585,2159.98786,
2025-07-07,德国,ZJ,OC-SFD-OB-GUO-0520-2  1200298588103864,美金户,启航,389.5,237.57,,16.88111111,151.93,168.8111111,
2025-07-07,德国,ZJ,OC-SFD-OB-GUO-0522-01  1017510920442509,美金户,启航,315.63,158.9,,17.41444444,156.73,174.1444444,
2025-07-07,德国,ZJ,  OC-SFD-OB-GUO-0705-01  1321316532409389,美金户,启航,14.95,,,1.661111111,14.95,16.61111111,
2025-07-07,德国,YK,OC-SFD-OB-GUO-0522-02  1057278136241649,美金户,启航,587.72,355.81,,25.76777778,231.91,257.6777778,
2025-07-07,德国,YK,OC-SFD-OB-GUO-0522-03  1747502139192664,美金户,启航,252.18,145.29,,11.87666667,106.89,118.7666667,
2025-07-07,德国,YK,ADA-MUSH-zoner99-0606(DCD1)(GMT +7)(USD)2016  1592756984785015,美金户,启航,675.7,550.71,,18.93787879,124.99,143.9278788,
2025-07-08,印度,YJ,Momentus_client3-140425-2  928490121876088,印度户,深圳芳林子,44314.00438,43756.13638,,106.9990824,557.868,664.8670824,
2025-07-08,印度,SG,Momentus_client3-140425-5  549740840492004,印度户,深圳芳林子,106970.8103,98898.28038,,1548.31123,8072.529875,9620.841105,
2025-07-08,印度,MY,Momentus_client3-140425-4  187091920981012,印度户,深圳芳林子,5682.18325,5494.153,,36.06420195,188.03025,224.094452,
2025-07-08,印度,MY,Momentus_130225-1  998366051600669,印度企业户,海总新渠道,8644.983,5710.848375,,381.4375013,2934.134625,3315.572126,
2025-07-08,印度,HY,Momentus_client3-140425-4  187091920981012,印度户,深圳芳林子,46760.84325,43470.31175,,631.1239417,3290.5315,3921.655442,
2025-07-08,意大利,HW,GAA-LY-183  1209577126987834,美金户,凤凰&洛阳,861.28,674.43,,28.0275,186.85,214.8775,
2025-07-08,德国,HW,GAA-LY-183  1209577126987834,美金户,凤凰&洛阳,333.69,9.14,,48.6825,324.55,373.2325,
2025-07-08,德国,LYD,Daniel Trading 04  715586863787702,印度企业户,海总新渠道,50.941625,,,5.60357875,50.941625,56.54520375,
2025-07-08,德国,LYD,OC-SFD-OB-GUO-0516-1  1370079980689617,美金户,启航,642.25,621.79,,2.273333333,20.46,22.73333333,
2025-07-08,德国,ZJ,OC-SFD-OB-GUO-0520-2  1200298588103864,美金户,启航,501.24,389.5,,12.41555556,111.74,124.1555556,
2025-07-08,德国,ZJ,OC-SFD-OB-GUO-0522-01  1017510920442509,美金户,启航,644.34,315.63,,36.52333333,328.71,365.2333333,
2025-07-08,德国,ZJ,  OC-SFD-OB-GUO-0705-01  1321316532409389,美金户,启航,62.69,14.95,,5.304444444,47.74,53.04444444,
2025-07-08,德国,ZJ,G-U-0703-Mobidata-02  2718442645021603,美金户,启航,93.24,,,12.24363636,93.24,105.4836364,
2025-07-09,印度,HY,Momentus_client3-140425-4  187091920981012,印度户,深圳芳林子,56587.091,46760.84325,,1884.674318,9826.24775,11710.92207,
2025-07-09,印度,SG,Momentus_client3-140425-5  549740840492004,印度户,深圳芳林子,114978.0546,106970.8103,,1535.789471,8007.244375,9543.033846,
2025-07-09,印度,MY,Momentus_client3-140425-4  187091920981012,印度户,深圳芳林子,9704.96625,5682.18325,,771.5697794,4022.783,4794.352779,
2025-07-09,印度,MY,Momentus_130225-1  998366051600669,印度企业户,海总新渠道,10200.92863,8644.983,,202.2729313,1555.945625,1758.218556,
2025-07-09,印度,ZJ,Momentus_130225-1  998366051600669,印度企业户,海总新渠道,621.73575,,,80.8256475,621.73575,702.5613975,
2025-07-09,德国,YK,OC-SFD-OB-GUO-0522-02  1057278136241649,美金户,启航,592.9,587.72,,0.5755555556,5.18,5.755555556,
2025-07-09,德国,YK,OC-SFD-OB-GUO-0522-03  1747502139192664,美金户,启航,469.96,252.18,,24.19777778,217.78,241.9777778,
2025-07-09,德国,HW,GAA-LY-183  1209577126987834,美金户,凤凰&洛阳,1076.35,861.28,,32.2605,215.07,247.3305,
2025-07-09,德国,LYD,OC-SFD-OB-GUO-0516-1  1370079980689617,美金户,启航,819.75,642.25,,19.72222222,177.5,197.2222222,
2025-07-09,印度,LYD,Daniel Trading 04  715586863787702,印度企业户,海总新渠道,317.0175,280.2355,,4.04602,36.782,40.82802,
2025-07-09,德国,ZJ,G-U-0703-Mobidata-02  2718442645021603,美金户,启航,190.0,93.24,,12.70585859,96.76,109.4658586,
2025-07-09,德国,ZJ,OC-SFD-OB-GUO-0520-2  1200298588103864,美金户,启航,510.87,501.24,,1.07,9.63,10.7,
2025-07-09,德国,ZJ,OC-SFD-OB-GUO-0522-01  1017510920442509,美金户,启航,850.06,644.34,,22.85777778,205.72,228.5777778,
2025-07-09,德国,ZJ,  OC-SFD-OB-GUO-0705-01  1321316532409389,美金户,启航,88.17,62.69,,2.831111111,25.48,28.31111111,
2025-07-10,印度,HY,Momentus_client3-140425-4  187091920981012,印度户,深圳芳林子,66227.64463,56587.091,,1849.058185,9640.553625,11489.61181,
2025-07-10,印度,SG,Momentus_client3-140425-5  549740840492004,印度户,深圳芳林子,124792.7624,114978.0546,,1882.460946,9814.70775,11697.1687,
2025-07-10,印度,MY,Momentus_client3-140425-4  187091920981012,印度户,深圳芳林子,12613.2525,9704.96625,,557.8093027,2908.28625,3466.095553,
2025-07-10,印度,MY,Momentus_130225-1  998366051600669,印度企业户,海总新渠道,13267.55238,10200.92863,,398.6610875,3066.62375,3465.284838,
2025-07-10,印度,ZJ,Momentus_130225-1  998366051600669,印度企业户,海总新渠道,6247.50975,621.73575,,731.35062,5625.774,6357.12462,
2025-07-10,德国,SG,Kpp-321  2262270237560781,二不限,十月二不限——（泰华）,31.21,,,0.3121,31.21,31.5221,
2025-07-10,德国,YK,OC-SFD-OB-GUO-0522-03  1747502139192664,美金户,启航,536.1,469.96,,7.348888889,66.14,73.48888889,
2025-07-10,德国,YK,  Wee-1686  596788349794362,二不限,十月二不限——（泰华）,63.83,,,0.6383,63.83,64.4683,
2025-07-10,德国,YK,G-U-0710-Mobidata-03  2146792169170779,美金户,启航,17.48,,,2.295353535,17.48,19.77535354,
2025-07-10,德国,HW,GAA-LY-183  1209577126987834,美金户,凤凰&洛阳,1304.36,1076.35,,34.2015,228.01,262.2115,
2025-07-10,德国,LYD,OC-SFD-OB-GUO-0516-1  1370079980689617,美金户,启航,977.24,819.75,,17.49888889,157.49,174.9888889,
2025-07-10,德国,ZJ,OC-SFD-OB-GUO-0520-2  1200298588103864,美金户,启航,510.87,510.87,,0.0,0.0,0.0,
2025-07-10,德国,ZJ,OC-SFD-OB-GUO-0522-01  1017510920442509,美金户,启航,959.96,850.06,,12.21111111,109.9,122.1111111,
2025-07-10,德国,ZJ,  OC-SFD-OB-GUO-0705-01  1321316532409389,美金户,启航,99.76,88.17,,1.287777778,11.59,12.87777778,
2025-07-10,德国,ZJ,G-U-0703-Mobidata-02  2718442645021603,美金户,启航,342.31,190.0,,20.00030303,152.31,172.310303,
2025-07-11,印度,HY,Momentus_client3-140425-4  187091920981012,印度户,深圳芳林子,87566.23188,66227.64463,,4092.741035,21338.58725,25431.32828,
2025-07-11,印度,SG,Momentus_client3-140425-5  549740840492004,印度户,深圳芳林子,134957.3566,124792.7624,,1949.569177,10164.59425,12114.16343,
2025-07-11,印度,MY,Momentus_130225-1  998366051600669,印度企业户,海总新渠道,21443.56813,13267.55238,,1062.882048,8176.01575,9238.897798,
2025-07-11,印度,ZJ,Momentus_130225-1  998366051600669,印度企业户,海总新渠道,14421.248,6247.50975,,1062.585973,8173.73825,9236.324223,
2025-07-11,印度,MY,Momentus_client3-140425-4  187091920981012,印度户,深圳芳林子,12897.30263,12613.2525,,54.48081398,284.050125,338.530939,
2025-07-11,德国,YK,G-U-0710-Mobidata-03  2146792169170779,美金户,启航,26.17,17.48,,1.141111111,8.69,9.831111111,
2025-07-11,德国,YK,GAAUS-LY-297  +8  1511071179856495 ,美金户,凤凰&洛阳,106.04,,,15.906,106.04,121.946,
2025-07-11,德国,YK,G-U-0710-Mobidata-04  689346027242553,美金户,启航,37.3,,,4.897979798,37.3,42.1979798,
2025-07-11,德国,YJ,Wee-1681  1672336136815689,二不限,十月二不限——（泰华）,354.22,,,3.5422,354.22,357.7622,
2025-07-11,德国,YJ,Wee-1683  1070100691264372,二不限,十月二不限——（泰华）,269.74,,,2.6974,269.74,272.4374,
2025-07-11,德国,YJ,Wee-1684  4113319722315192,二不限,十月二不限——（泰华）,226.71,,,2.2671,226.71,228.9771,
2025-07-11,德国,YJ,Wee-1685  765392819394956,二不限,十月二不限——（泰华）,301.81,,,3.0181,301.81,304.8281,
2025-07-12,印度,HY,Momentus_client3-140425-4  187091920981012,印度户,深圳芳林子,91713.8445,87566.23188,,795.5121015,4147.612625,4943.124726,
2025-07-12,印度,SG,Momentus_client3-140425-4  187091920981012,印度户,深圳芳林子,3888.183125,,,745.7535234,3888.183125,4633.936648,
2025-07-12,印度,SG,Momentus_client3-140425-5  549740840492004,印度户,深圳芳林子,135426.9623,134957.3566,,90.07035888,469.605625,559.6759839,
2025-07-12,德国,YJ,Wee-1681  1672336136815689,二不限,十月二不限——（泰华）,894.84,354.22,,5.4062,540.62,546.0262,
2025-07-12,德国,YJ,Wee-1685  765392819394956,二不限,十月二不限——（泰华）,881.15,301.81,,5.7934,579.34,585.1334,
2025-07-12,德国,YK,G-U-0710-Mobidata-03  2146792169170779,美金户,启航,126.45,26.17,,13.16808081,100.28,113.4480808,
2025-07-12,德国,YK,GAAUS-LY-297  +8  1511071179856495 ,美金户,凤凰&洛阳,463.83,106.04,,53.6685,357.79,411.4585,
2025-07-12,德国,YK,G-U-0710-Mobidata-04  689346027242553,美金户,启航,110.58,37.3,,9.622626263,73.28,82.90262626,
2025-07-12,德国,YJ,TGA.HVUMedia-INVOICE-94-07/07  1471231444282488,美金户,深圳芳林子,,15.7,历史消耗,,,,
2025-07-12,德国,YJ,Wee-1683  1070100691264372,二不限,十月二不限——（泰华）,272.33,269.74,,0.0259,2.59,2.6159,
2025-07-12,德国,YJ,Wee-1684  4113319722315192,二不限,十月二不限——（泰华）,229.15,226.71,,0.0244,2.44,2.4644,
2025-07-12,德国,YK,XL-GPA-LMCL-Xiaomi--3-01-巴西货币  724616010318172,美国额度户,印度企业户 欧洲美金户,53.10071942,,,6.903093525,53.10071942,60.00381295,
2025-07-12,德国,YK,TGA.HVUMedia-INVOICE-104-07/07  630661156231901,美金户,深圳芳林子,9.18,,,1.575288,9.18,10.755288,
2025-07-13,印度,HY,Momentus_client3-140425-4  187091920981012,印度户,深圳芳林子,104614.4085,91713.8445,,2474.328175,12900.564,15374.89218,
2025-07-13,印度,SG,Momentus_client3-140425-4  187091920981012,印度户,深圳芳林子,12007.35975,3888.183125,,1557.258077,8119.176625,9676.434702,
2025-07-13,印度,MY,Momentus_130225-1  998366051600669,印度企业户,海总新渠道,31122.7235,21443.56813,,1258.290199,9679.155375,10937.44557,
2025-07-13,德国,HW,GAA-LY-183  1209577126987834,美金户,凤凰&洛阳,1715.92,1304.36,,61.734,411.56,473.294,
2025-07-13,德国,YJ,Wee-1681  1672336136815689,二不限,十月二不限——（泰华）,1181.99,894.84,,2.8715,287.15,290.0215,
2025-07-13,德国,YJ,Wee-1685  765392819394956,二不限,十月二不限——（泰华）,1100.01,881.15,,2.1886,218.86,221.0486,
2025-07-13,德国,YK,GAAUS-LY-297  +8  1511071179856495 ,美金户,凤凰&洛阳,1331.55,463.83,,130.158,867.72,997.878,
2025-07-13,德国,YK,G-U-0710-Mobidata-03  2146792169170779,美金户,启航,198.51,126.45,,9.462424242,72.06,81.52242424,
2025-07-13,德国,YK,G-U-0710-Mobidata-04  689346027242553,美金户,启航,157.9,110.58,,6.213737374,47.32,53.53373737,
2025-07-13,德国,YK,XL-GPA-LMCL-Xiaomi--3-01-巴西货币  724616010318172,美国额度户,印度企业户 欧洲美金户,251.307554,53.10071942,,25.76688849,198.2068345,223.973723,
2025-07-13,印度,ZJ,Momentus_130225-1  998366051600669,印度企业户,海总新渠道,20588.10763,14421.248,,801.6917513,6166.859625,6968.551376,
2025-07-14,印度,SG,Momentus_client3-140425-4  187091920981012,印度户,深圳芳林子,15101.35775,12007.35975,,593.4288164,3093.998,3687.426816,
2025-07-14,印度,HY,Momentus_client3-140425-4  187091920981012,印度户,深圳芳林子,110735.3479,104614.4085,,1173.996172,6120.939375,7294.935547,
2025-07-14,印度,ZJ,Momentus_130225-1  998366051600669,印度企业户,海总新渠道,24624.62463,20588.10763,,524.74721,4036.517,4561.26421,
2025-07-14,印度,MY,Momentus_130225-1  998366051600669,印度企业户,海总新渠道,37086.2165,31122.7235,,775.25409,5963.493,6738.74709,
2025-07-14,德国,YJ,Wee-1681  1672336136815689,二不限,十月二不限——（泰华）,1552.94,1181.99,,3.7095,370.95,374.6595,
2025-07-14,德国,YJ,Wee-1685  765392819394956,二不限,十月二不限——（泰华）,1299.99,1100.01,,1.9998,199.98,201.9798,
2025-07-14,德国,LYD,Wee-2143  1292184755876668,二不限,十月二不限——（泰华）,23.1,,,0.231,23.1,23.331,
2025-07-14,德国,LYD,Wee-2144  2147147402378180,二不限,十月二不限——（泰华）,80.14,,,0.8014,80.14,80.9414,
2025-07-14,德国,LYD,Wee-2145 1390660295325191,二不限,十月二不限——（泰华）,121.61,,,1.2161,121.61,122.8261,
2025-07-14,德国,HW,GAA-LY-183  1209577126987834,美金户,凤凰&洛阳,2797.22,1715.92,,162.195,1081.3,1243.495,
2025-07-14,德国,YK,GAAUS-LY-297  +8  1511071179856495 ,美金户,凤凰&洛阳,3179.78,1331.55,,277.2345,1848.23,2125.4645,
2025-07-14,德国,YK,G-U-0710-Mobidata-03  2146792169170779,美金户,启航,208.59,198.51,,1.323636364,10.08,11.40363636,
2025-07-14,德国,YK,G-U-0710-Mobidata-04  689346027242553,美金户,启航,165.88,157.9,,1.047878788,7.98,9.027878788,
2025-07-14,德国,YK,XL-GPA-LMCL-Xiaomi--3-01-巴西货币  724616010318172,美国额度户,印度企业户 欧洲美金户,295.8417266,251.307554,,5.789442446,44.53417266,50.32361511,
2025-07-14,德国,YK,TGA.HVUMedia-INVOICE-112-10/07  9629968433759163,美金户,深圳芳林子,53.42,,,9.166872,53.42,62.586872,
2025-07-14,德国,YK,GAAUS-LY-356  1410139146995567,美金户,凤凰&洛阳,12.04,,,1.806,12.04,13.846,
2025-07-15,印度,ZJ,Momentus_130225-1  998366051600669,印度企业户,海总新渠道,24679.13713,24624.62463,,7.086625,54.5125,61.599125,
2025-07-15,印度,MY,Momentus_130225-1  998366051600669,印度企业户,海总新渠道,37139.11938,37086.2165,,6.87737375,52.902875,59.78024875,
2025-07-15,印度,HY,Momentus_client3-140425-4  187091920981012,印度户,深圳芳林子,110943.1008,110735.3479,,39.84700143,207.752875,247.5998764,
2025-07-15,印度,HY,xm-0714+8-33  712066234924254,国内三不限,济宁韦宁&香港有意思 二不限 3%,464.56,,,41.8104,464.56,506.3704,
2025-07-15,德国,LYD,G-U-0711-Mobidata-01  2149142772254174,美金户,启航,87.38,,,11.47414141,87.38,98.85414141,
2025-07-15,德国,LYD,G-U-0711-Mobidata-02  1760510674903298,美金户,启航,10.59,,,1.390606061,10.59,11.98060606,
2025-07-15,德国,HW,GAA-LY-183  1209577126987834,美金户,凤凰&洛阳,4457.26,2797.22,,249.006,1660.04,1909.046,
2025-07-15,德国,YJ,G-U-0703-Mobidata-02  2718442645021603,美金户,启航,,369.69,历史消耗,,,,
2025-07-16,印度,HW,Renato_BA_043  1051872053050957,美国授信户,深圳芳林子,499.11,,,70.524243,499.11,569.634243,
2025-07-15,德国,YJ,GAAUS-LY-355  589480140925144,美金户,凤凰&洛阳,176.39,,,26.4585,176.39,202.8485,
2025-07-15,德国,YJ,G-U-0703-Mobidata-02  2718442645021603,美金户,启航,548.34,,,72.00424242,548.34,620.3442424,
2025-07-15,德国,YJ,GAAUS-LY-364  715640307540707,美金户,凤凰&洛阳,240.69,,,36.1035,240.69,276.7935,
2025-07-15,德国,YJ,GAAUS-LY-372  567761519708719,美金户,凤凰&洛阳,21.72,,,3.258,21.72,24.978,
2025-07-15,德国,YK,GAAUS-LY-297  +8  1511071179856495 ,美金户,凤凰&洛阳,6238.86,3179.78,,458.862,3059.08,3517.942,
2025-07-16,印度,HY,xm-0714+8-33  712066234924254,国内三不限,济宁韦宁&香港有意思 二不限 3%,4000.01,464.56,,318.1905,3535.45,3853.6405,
2025-07-16,印度,HY,xm-0707+8-24  1610513093241254,国内三不限,济宁韦宁&香港有意思 二不限 3%,1336.98,,,120.3282,1336.98,1457.3082,
2025-07-16,德国,SG,Kpp-321  2262270237560781,二不限,十月二不限——（泰华）,73.36,31.21,,0.4215,42.15,42.5715,
2025-07-16,德国,HW,GAA-LY-183  1209577126987834,美金户,凤凰&洛阳,5844.61,4457.26,,208.1025,1387.35,1595.4525,
2025-07-16,德国,YK,GAAUS-LY-297  +8  1511071179856495 ,美金户,凤凰&洛阳,7910.52,6238.86,,250.749,1671.66,1922.409,
2025-07-16,德国,YJ,G-U-0703-Mobidata-02  2718442645021603,美金户,启航,686.19,548.34,,18.10151515,137.85,155.9515152,
2025-07-16,德国,YJ,GAAUS-LY-364  715640307540707,美金户,凤凰&洛阳,397.47,240.69,,23.517,156.78,180.297,
2025-07-16,德国,YJ,GAAUS-LY-372  567761519708719,美金户,凤凰&洛阳,719.01,21.72,,104.5935,697.29,801.8835,
2025-07-17,印度,MY,WBD 9 - VL IN 003  900481445226272,印度企业户,海总新渠道,1000.0,,,110.0,1000.0,1110.0,
2025-07-17,印度,HW,xm-0710-5-70  745074664780341,国内三不限,济宁韦宁&香港有意思 二不限 3%,4796.56,,,431.6904,4796.56,5228.2504,
2025-07-17,印度,HY,xm-0714+8-33  712066234924254,国内三不限,济宁韦宁&香港有意思 二不限 3%,5501.14,3000.01,,225.1017,2501.13,2726.2317,
2025-07-17,印度,HY,xm-0707+8-24  1610513093241254,国内三不限,济宁韦宁&香港有意思 二不限 3%,2384.14,336.98,,184.2444,2047.16,2231.4044,
2025-07-17,德国,YJ,GAAUS-LY-355  589480140925144,美金户,凤凰&洛阳,205.98,176.39,,4.4385,29.59,34.0285,
2025-07-17,德国,YJ,G-U-0703-Mobidata-02  2718442645021603,美金户,启航,1197.48,686.19,,67.13909091,511.29,578.4290909,
2025-07-17,德国,YJ,GAAUS-LY-364  715640307540707,美金户,凤凰&洛阳,452.3,397.47,,8.2245,54.83,63.0545,
2025-07-17,德国,YJ,GAAUS-LY-372  567761519708719,美金户,凤凰&洛阳,1576.95,719.01,,128.691,857.94,986.631,
2025-07-17,德国,HW,GAA-LY-183  1209577126987834,美金户,凤凰&洛阳,7540.38,5844.61,,254.3655,1695.77,1950.1355,
2025-07-17,德国,YK,GAAUS-LY-297  +8  1511071179856495 ,美金户,凤凰&洛阳,8538.73,7910.52,,94.2315,628.21,722.4415,
2025-07-18,印度,HW,xm-0710-5-70  745074664780341,国内三不限,济宁韦宁&香港有意思 二不限 3%,9855.63,4796.56,,455.3163,5059.07,5514.3863,
2025-07-18,印度,SG,Vys_K1  615941226543731,印度企业户,海总新渠道,3365.681,,,437.53853,3365.681,3803.21953,
2025-07-18,德国,SG,Quu-3056  1792125998383385,二不限,十月二不限——（泰华）,136.83,,,1.3683,136.83,138.1983,
2025-07-18,印度,HY,xm-0714+8-33  712066234924254,国内三不限,济宁韦宁&香港有意思 二不限 3%,5860.21,5501.14,,32.3163,359.07,391.3863,
2025-07-18,印度,HY,xm-0707+8-24  1610513093241254,国内三不限,济宁韦宁&香港有意思 二不限 3%,3177.75,2384.14,,71.4249,793.61,865.0349,
2025-07-18,德国,LYD,G-U-0711-Mobidata-01  2149142772254174,美金户,启航,288.48,87.38,,26.40707071,201.1,227.5070707,
2025-07-18,德国,LYD,G-U-0711-Mobidata-02  1760510674903298,美金户,启航,13.99,10.59,,0.4464646465,3.4,3.846464646,
2025-07-18,德国,LYD,XL-GPA-LMCL-Xiaomi--3-01-巴西货币  724616010318172,美国额度户,印度企业户 欧洲美金户,209.0521583,38.60431655,,22.15821942,170.4478417,192.6060612,
2025-07-18,德国,YJ,XL-GPA-LMCL-Xiaomi--3-01-巴西货币  724616010318172,美国额度户,印度企业户 欧洲美金户,475.2553957,,,61.78320144,475.2553957,537.0385971,
2025-07-18,德国,YK,XL-GPA-LMCL-Xiaomi--3-01-巴西货币  724616010318172,美国额度户,印度企业户 欧洲美金户,437.9208633,295.8417266,,18.47028777,142.0791367,160.5494245,
2025-07-18,德国,YJ,GAAUS-LY-364  715640307540707,美金户,凤凰&洛阳,452.68,452.3,,0.057,0.38,0.437,
2025-07-18,德国,YJ,GAAUS-LY-372  567761519708719,美金户,凤凰&洛阳,1736.96,1576.95,,24.0015,160.01,184.0115,
2025-07-18,德国,HW,GAA-LY-183  1209577126987834,美金户,凤凰&洛阳,8407.18,7540.38,,130.02,866.8,996.82,
2025-07-19,印度,HW,xm-0710-5-70  745074664780341,国内三不限,济宁韦宁&香港有意思 二不限 3%,11188.2,9855.63,,119.9313,1332.57,1452.5013,
2025-07-19,印度,SG,Vys_K1  615941226543731,印度企业户,海总新渠道,13010.1175,3365.681,,1253.776745,9644.4365,10898.21325,
2025-07-19,印度,HY,xm-0714+8-33  712066234924254,国内三不限,济宁韦宁&香港有意思 二不限 3%,7382.31,6860.21,,46.989,522.1,569.089,
2025-07-19,印度,HY,xm-0707+8-24  1610513093241254,国内三不限,济宁韦宁&香港有意思 二不限 3%,4491.56,4177.75,,28.2429,313.81,342.0529,
2025-07-19,印度,ZJ,GAAUS-LY-371  1201279381734621,美金户,凤凰&洛阳,2211.47,,,331.7205,2211.47,2543.1905,
2025-07-19,印度,ZJ,GAAUS-LY-370  754598553564328,美金户,凤凰&洛阳,1504.26,,,225.639,1504.26,1729.899,
2025-07-19,印度,MY,LSVPH -14  501455840310151,印度企业户,海总/户合作mom,51.13,,,6.6469,51.13,57.7769,
2025-07-20,印度,SG,Vys_K1  615941226543731,印度企业户,海总新渠道,29565.708,13010.1175,,2152.226765,16555.5905,18707.81727,
2025-07-20,印度,ZJ,GAAUS-LY-371  1201279381734621,美金户,凤凰&洛阳,6548.17,2211.47,,650.505,4336.7,4987.205,
2025-07-20,印度,ZJ,GAAUS-LY-370  754598553564328,美金户,凤凰&洛阳,5647.46,1504.26,,621.48,4143.2,4764.68,
2025-07-20,德国,SG,Quu-3056  1792125998383385,二不限,十月二不限——（泰华）,282.98,136.83,,1.4615,146.15,147.6115,
2025-07-20,德国,HW,GAA-LY-183  1209577126987834,美金户,凤凰&洛阳,8844.25,8407.18,,65.5605,437.07,502.6305,
2025-07-20,德国,YJ,GAAUS-LY-372  567761519708719,美金户,凤凰&洛阳,2149.8,1736.96,,61.926,412.84,474.766,
2025-07-21,德国,YJ,G-U-0711-Mobidata-01  2149142772254174,美金户,启航,,288.97,历史消耗,,,,
2025-07-21,印度,HY,xm-0714+8-33  712066234924254,国内三不限,济宁韦宁&香港有意思 二不限 3%,7902.47,7382.31,,46.8144,520.16,566.9744,
2025-07-21,印度,HY,xm-0707+8-24  1610513093241254,国内三不限,济宁韦宁&香港有意思 二不限 3%,4500.01,4491.56,,0.7605,8.45,9.2105,
2025-07-21,印度,HY,GAAUS-LY-368  1392703268660575,美金户,凤凰&洛阳,218.26,,,32.739,218.26,250.999,
2025-07-21,印度,HY,GAAUS-LY-369  1954763398598009,美金户,凤凰&洛阳,104.32,,,15.648,104.32,119.968,
2025-07-21,印度,SG,Vys_K1  615941226543731,印度企业户,海总新渠道,32305.86563,29565.708,,356.2204913,2740.157625,3096.378116,
2025-07-21,印度,ZJ,GAAUS-LY-371  1201279381734621,美金户,凤凰&洛阳,8568.78,6548.17,,303.0915,2020.61,2323.7015,
2025-07-21,印度,ZJ,GAAUS-LY-370  754598553564328,美金户,凤凰&洛阳,7244.46,5647.46,,239.55,1597.0,1836.55,
2025-07-21,德国,YJ,GAAUS-LY-355  589480140925144,美金户,凤凰&洛阳,419.95,205.98,,32.0955,213.97,246.0655,
2025-07-21,德国,HW,GAA-LY-183  1209577126987834,美金户,凤凰&洛阳,10123.28,8844.25,,191.8545,1279.03,1470.8845,
2025-07-21,德国,ZJ,GAAUS-LY-379  1136735318493561,美金户,凤凰&洛阳,,62.4,历史消耗,,,,
2025-07-21,德国,YJ,G-U-0711-Mobidata-01  2149142772254174,美金户,启航,476.54,,,62.5759596,476.54,539.1159596,
2025-07-21,德国,YJ,GAAUS-LY-364  715640307540707,美金户,凤凰&洛阳,1086.61,452.68,,95.0895,633.93,729.0195,
2025-07-21,德国,YJ,GAAUS-LY-372  567761519708719,美金户,凤凰&洛阳,2975.0,2149.8,,123.78,825.2,948.98,
2025-07-21,德国,YJ,XL-GPA-LMCL-Xiaomi--3-01-巴西货币  724616010318172,美国额度户,印度企业户 欧洲美金户,617.9100719,475.2553957,,18.54510791,142.6546763,161.1997842,
2025-07-21,德国,SG,Quu-3056  1792125998383385,二不限,十月二不限——（泰华）,437.66,282.98,,1.5468,154.68,156.2268,
2025-07-21,德国,SG,Quu-3057  712357667840458,二不限,十月二不限——（泰华）,39.48,,,0.3948,39.48,39.8748,
2025-07-21,德国,MY,GAAUS-LY-382  1800147777383016,美金户,凤凰&洛阳,25.77,,,3.8655,25.77,29.6355,
2025-07-22,德国,SG,Quu-3056  1792125998383385,二不限,十月二不限——（泰华）,562.13,437.66,,1.2447,124.47,125.7147,
2025-07-22,德国,YK,GAAUS-LY-297  +8  1511071179856495 ,美金户,凤凰&洛阳,8571.42,8538.73,,4.9035,32.69,37.5935,
2025-07-22,德国,YK,GAAUS-LY-389  4357760397792421,美金户,凤凰&洛阳,76.45,,,11.4675,76.45,87.9175,
2025-07-22,德国,YJ,XL-GPA-LMCL-Xiaomi--3-01-巴西货币  724616010318172,美国额度户,印度企业户 欧洲美金户,627.1294964,617.9100719,,1.19852518,9.21942446,10.41794964,
2025-07-22,德国,YJ,GAAUS-LY-364  715640307540707,美金户,凤凰&洛阳,1088.37,1086.61,,0.264,1.76,2.024,
2025-07-22,德国,YJ,GAAUS-LY-372  567761519708719,美金户,凤凰&洛阳,3106.21,2975.0,,19.6815,131.21,150.8915,
2025-07-22,德国,YJ,G-U-0711-Mobidata-01  2149142772254174,美金户,启航,711.08,476.54,,30.79818182,234.54,265.3381818,
2025-07-22,印度,HY,xm-0714+8-33  712066234924254,国内三不限,济宁韦宁&香港有意思 二不限 3%,9238.2,7902.47,,120.2157,1335.73,1455.9457,
2025-07-22,印度,HY,GAAUS-LY-368  1392703268660575,美金户,凤凰&洛阳,913.23,218.26,,104.2455,694.97,799.2155,
2025-07-22,印度,HY,GAAUS-LY-369  1954763398598009,美金户,凤凰&洛阳,3077.18,104.32,,445.929,2972.86,3418.789,
2025-07-22,印度,HY,CN - Rosie 1  269887998456727,印度企业户,深圳芳林子,188.52,,,32.350032,188.52,220.870032,
2025-07-22,印度,SG,Vys_K1  615941226543731,印度企业户,海总新渠道,42373.47675,32305.86563,,1308.789446,10067.61113,11376.40057,
2025-07-21,印度,MY,BA VORNIX 9  1412307579460468,印尼企业户,印度户印尼企业户,,826.6290462,历史消耗,,,,
2025-07-21,印度,ZJ,BA GLADIUS 4  936002028210213,印尼企业户,印度户印尼企业户,,3932.74,历史消耗,,,,
2025-07-23,印度,HW,China Account 1 - 220725  469458258780186,印度企业户,深圳芳林子,,2888.06575,历史消耗,,,,
2025-07-24,印度,HW,xm-0710-5-70  745074664780341,国内三不限,济宁韦宁&香港有意思 二不限 3%,11198.34,11188.2,,0.9126,10.14,11.0526,
2025-07-23,印度,HY,GAAUS-LY-368  1392703268660575,美金户,凤凰&洛阳,925.55,913.23,,1.848,12.32,14.168,
2025-07-23,印度,HY,GAAUS-LY-369  1954763398598009,美金户,凤凰&洛阳,8254.6,3077.18,,776.613,5177.42,5954.033,
2025-07-23,印度,HY,CN - Rosie 1  269887998456727,印度企业户,深圳芳林子,1000.0,188.52,,139.249968,811.48,950.729968,
2025-07-23,印度,SG,Vys_K1  615941226543731,印度企业户,海总新渠道,51307.41113,42373.47675,,1161.411469,8933.934375,10095.34584,
2025-07-23,印度,MY,BA VORNIX 9  1412307579460468,印尼企业户,印度户印尼企业户,3502.503,,,280.20024,3502.503,3782.70324,
2025-07-23,印度,ZJ,GAAUS-LY-371  1201279381734621,美金户,凤凰&洛阳,10658.73,8568.78,,313.4925,2089.95,2403.4425,
2025-07-23,印度,ZJ,GAAUS-LY-370  754598553564328,美金户,凤凰&洛阳,10654.86,7244.46,,511.56,3410.4,3921.96,
2025-07-23,印度,ZJ,BA GLADIUS 4  936002028210213,印尼企业户,印度户印尼企业户,548.92,,,49.4028,548.92,598.3228,
2025-07-24,印度,MY,BA VORNIX 9  1412307579460468,印尼企业户,印度户印尼企业户,8810.860563,3502.503,,424.668605,5308.357563,5733.026168,
2025-07-24,印度,SG,Vys_K1  615941226543731,印度企业户,海总新渠道,54682.52175,51307.41113,,438.7643813,3375.110625,3813.875006,
2025-07-24,印度,HW,China Account 1 - 220725  469458258780186,印度企业户,深圳芳林子,3005.764125,2888.06575,,20.19704115,117.698375,137.8954162,
2025-07-24,印度,HY,GAAUS-LY-369  1954763398598009,美金户,凤凰&洛阳,13343.73,8254.6,,763.3695,5089.13,5852.4995,
2025-07-24,德国,YJ,GAAUS-LY-364  715640307540707,美金户,凤凰&洛阳,1133.88,1088.37,,6.8265,45.51,52.3365,
2025-07-24,德国,YJ,G-U-0711-Mobidata-01  2149142772254174,美金户,启航,1103.3,711.08,,51.50363636,392.22,443.7236364,
2025-07-24,德国,YK,GAAUS-LY-297  +8  1511071179856495 ,美金户,凤凰&洛阳,8820.79,8571.42,,37.4055,249.37,286.7755,
2025-07-24,德国,YK,GAAUS-LY-389  4357760397792421,美金户,凤凰&洛阳,211.68,76.45,,20.2845,135.23,155.5145,
2025-07-24,德国,YJ,XL-GPA-LMCL-Xiaomi--3-01-巴西货币  724616010318172,美国额度户,印度企业户 欧洲美金户,930.5413669,627.1294964,,39.44354317,303.4118705,342.8554137,
2025-07-24,德国,HW,GAA-LY-183  1209577126987834,美金户,凤凰&洛阳,10792.11,10123.28,,100.3245,668.83,769.1545,
2025-07-24,印度,ZJ,GAAUS-LY-371  1201279381734621,美金户,凤凰&洛阳,11735.58,10658.73,,161.5275,1076.85,1238.3775,
2025-07-24,印度,ZJ,GAAUS-LY-370  754598553564328,美金户,凤凰&洛阳,13540.67,10654.86,,432.8715,2885.81,3318.6815,
2025-07-25,印度,HY,GAAUS-LY-369  1954763398598009,美金户,凤凰&洛阳,23864.63,13343.73,,1578.135,10520.9,12099.035,
2025-07-25,印度,HY,CN - Rosie 1  269887998456727,印度企业户,深圳芳林子,10104.81,1000.0,,1562.385396,9104.81,10667.1954,
2025-07-25,印度,MY,BA VORNIX 9  1412307579460468,印尼企业户,印度户印尼企业户,17961.557,8810.860563,,732.055715,9150.696438,9882.752153,
2025-07-25,德国,YK,GAAUS-LY-297  +8  1511071179856495 ,美金户,凤凰&洛阳,8862.46,8820.79,,6.2505,41.67,47.9205,
2025-07-25,德国,YK,GAAUS-LY-389  4357760397792421,美金户,凤凰&洛阳,318.68,211.68,,16.05,107.0,123.05,
2025-07-25,德国,HW,GAAUS-LY-305  4099799743588524,美金户,凤凰&洛阳,186.54,,,27.981,186.54,214.521,
2025-07-25,德国,YJ,G-U-0711-Mobidata-01  2149142772254174,美金户,启航,1628.09,1103.3,,68.91181818,524.79,593.7018182,
2025-07-25,印度,HW,CN - RR 1  295765749156887,军工企业户,深圳芳林子,,2430.51,历史消耗,,,,
2025-07-25,印度,SG,CN - RR 2  426415319138246,军工企业户,深圳芳林子,,5607.93,历史消耗,,,,
2025-07-26,印度,HY,GAAUS-LY-369  1954763398598009,美金户,凤凰&洛阳,25057.34,23864.63,,241.02,1606.8,1847.82,
2025-07-26,印度,HY,CN - Rosie 1  269887998456727,印度企业户,深圳芳林子,10461.51,10104.81,,61.20972,356.7,417.90972,
2025-07-26,印度,MY,BA VORNIX 9  1412307579460468,印尼企业户,印度户印尼企业户,30727.42925,17961.557,,1021.26978,12765.87225,13787.14203,
2025-07-26,印度,ZJ,GAAUS-LY-304  2072455606575973,美金户,凤凰&洛阳,855.33,,,128.2995,855.33,983.6295,
2025-07-26,印度,ZJ,BA GLADIUS 4  936002028210213,印尼企业户,印度户印尼企业户,1451.11,548.92,,81.1971,902.19,983.3871,
2025-07-26,印度,SG,UZI-6190-177(+7)  1625367118139342,美金户,路人互动-海总（50-7）山,163.53,,,16.353,163.53,179.883,
2025-07-26,印度,SG,CN - RR 2  426415319138246,军工企业户,深圳芳林子,1314.18,,,225.513288,1314.18,1539.693288,
2025-07-26,印度,ZJ,GAAUS-LY-371  1201279381734621,美金户,凤凰&洛阳,12496.15,11735.58,,114.0855,760.57,874.6555,
2025-07-26,印度,ZJ,GAAUS-LY-370  754598553564328,美金户,凤凰&洛阳,14961.5,13540.67,,213.1245,1420.83,1633.9545,
2025-07-27,印度,SG,CN - RR 2  426415319138246,军工企业户,深圳芳林子,2306.73,1314.18,,170.32158,992.55,1162.87158,
2025-07-27,印度,HY,CN - Rosie 1  269887998456727,印度企业户,深圳芳林子,13976.55,10461.51,,603.180864,3515.04,4118.220864,
2025-07-27,印度,HY,GAAUS-LY-369  1954763398598009,美金户,凤凰&洛阳,28070.87,25057.34,,452.0295,3013.53,3465.5595,
2025-07-27,印度,HW,Account Gabriel 29 UTC 00:00 IN USE  1676482926403173,美金企业户,启航,990.28,,,178.2504,990.28,1168.5304,
2025-07-27,印度,MY,BA VORNIX 9  1412307579460468,印尼企业户,印度户印尼企业户,38876.5025,30727.42925,,651.92586,8149.07325,8800.99911,
2025-07-27,印度,SG,UZI-6190-177(+7)  1625367118139342,美金户,路人互动-海总（50-7）山,929.29,163.53,,76.576,765.76,842.336,
2025-07-27,印度,ZJ,GAAUS-LY-304  2072455606575973,美金户,凤凰&洛阳,1799.45,855.33,,141.618,944.12,1085.738,
2025-07-27,印度,ZJ,BA GLADIUS 4  936002028210213,印尼企业户,印度户印尼企业户,8475.71,1451.11,,278.2674,3091.86,3370.1274,
2025-07-28,德国,YK,XL-GPA-LMCL-Xiaomi--3-01-巴西货币  724616010318172,美国额度户,印度企业户 欧洲美金户,441.221223,437.9208633,,0.4290467626,3.300359712,3.729406475,
2025-07-28,德国,YJ,XL-GPA-LMCL-Xiaomi--3-01-巴西货币  724616010318172,美国额度户,印度企业户 欧洲美金户,934.5179856,930.5413669,,0.5169604317,3.976618705,4.493579137,
2025-07-28,印度,SG,CN - RR 2  426415319138246,军工企业户,深圳芳林子,3907.8,2306.73,,274.743612,1601.07,1875.813612,
2025-07-28,印度,SG,UZI-6190-177(+7)  1625367118139342,美金户,路人互动-海总（50-7）山,929.29,929.29,,0.0,0.0,0.0,
2025-07-28,意大利,HW,GAAUS-LY-305  4099799743588524,美金户,凤凰&洛阳,90.29,,,13.5435,90.29,103.8335,
2025-07-28,意大利,YK,GAAUS-LY-389  4357760397792421,美金户,凤凰&洛阳,314.99,,,47.2485,314.99,362.2385,
2025-07-28,意大利,YK,M003_1327_+5.30_0725_19_M2  1199554925202723,美金户,凤凰&洛阳,188.2,,,22.584,188.2,210.784,
2025-07-28,意大利,YK,GAAUS-LY-333  1647860445872112,美金户,凤凰&洛阳,25.33,,,3.0396,25.33,28.3696,
2025-07-28,意大利,YK,GAAUS-LY-334  1532906288095541,美金户,凤凰&洛阳,11.04,,,1.3248,11.04,12.3648,
2025-07-29,意大利,HW,GAAUS-LY-305  4099799743588524,美金户,凤凰&洛阳,376.77,90.29,,42.972,286.48,329.452,
2025-07-29,意大利,YK,GAAUS-LY-389  4357760397792421,美金户,凤凰&洛阳,1467.18,314.99,,172.8285,1152.19,1325.0185,
2025-07-29,意大利,YK,M003_1327_+5.30_0725_19_M2  1199554925202723,美金户,凤凰&洛阳,700.69,188.2,,61.4988,512.49,573.9888,
2025-07-29,意大利,YK,GAAUS-LY-333  1647860445872112,美金户,凤凰&洛阳,34.18,25.33,,1.062,8.85,9.912,
2025-07-29,意大利,YK,GAAUS-LY-334  1532906288095541,美金户,凤凰&洛阳,38.22,11.04,,3.2616,27.18,30.4416,
2025-07-28,意大利,YJ,Vys_K6  1252992835525875,印度企业户,海总新渠道,703.8215,,,91.496795,703.8215,795.318295,
2025-07-28,意大利,YJ,GAAUS-LY-372  567761519708719,美金户,凤凰&洛阳,3825.7,3106.21,,107.9235,719.49,827.4135,
2025-07-29,意大利,YJ,Vys_K6  1252992835525875,印度企业户,海总新渠道,1155.215875,703.8215,,58.68126875,451.394375,510.0756438,
2025-07-29,意大利,YJ,GAAUS-LY-372  567761519708719,美金户,凤凰&洛阳,4251.73,3825.7,,63.9045,426.03,489.9345,
2025-07-29,印度,HW,Account Gabriel 29 UTC 00:00 IN USE  1676482926403173,美金企业户,启航,1995.58,990.28,,180.954,1005.3,1186.254,
2025-07-29,印度,HY,GAAUS-LY-369  1954763398598009,美金户,凤凰&洛阳,35987.09,28070.87,,1187.433,7916.22,9103.653,
2025-07-29,印度,HY,CN - Rosie 1  269887998456727,印度企业户,深圳芳林子,16762.53,13976.55,,478.074168,2785.98,3264.054168,
2025-07-29,印度,SG,UZI-6190-177(+7)  1625367118139342,美金户,路人互动-海总（50-7）山,1500.0,929.29,,57.071,570.71,627.781,
2025-07-29,印度,SG,CN - RR 2  426415319138246,军工企业户,深圳芳林子,6510.23,3907.8,,446.576988,2602.43,3049.006988,
2025-07-29,印度,ZJ,GAAUS-LY-304  2072455606575973,美金户,凤凰&洛阳,3265.01,1799.45,,219.834,1465.56,1685.394,
2025-07-29,印度,ZJ,BA GLADIUS 4  936002028210213,印尼企业户,印度户印尼企业户,10460.5,8475.71,,178.6311,1984.79,2163.4211,
2025-07-29,印度,ZJ,GAAUS-LY-371  1201279381734621,美金户,凤凰&洛阳,13273.09,12496.15,,116.541,776.94,893.481,
2025-07-29,印度,ZJ,GAAUS-LY-370  754598553564328,美金户,凤凰&洛阳,15057.12,14961.5,,14.343,95.62,109.963,
2025-07-29,印度,MY,BA VORNIX 9  1412307579460468,印尼企业户,印度户印尼企业户,42600.47006,38876.5025,,297.917405,3723.967562,4021.884967,
2025-07-29,德国,YJ,G-U-0711-Mobidata-01  2149142772254174,美金户,启航,1964.64,1628.09,,44.19343434,336.55,380.7434343,
2025-07-30,印度,HY,GAAUS-LY-369  1954763398598009,美金户,凤凰&洛阳,44061.7,35987.09,,1211.1915,8074.61,9285.8015,
2025-07-30,印度,HY,CN - Rosie 1  269887998456727,印度企业户,深圳芳林子,19767.37,16762.53,,515.630544,3004.84,3520.470544,
2025-07-30,印度,SG,UZI-6190-177(+7)  1625367118139342,美金户,路人互动-海总（50-7）山,3869.67,1500.0,,236.967,2369.67,2606.637,
2025-07-30,印度,SG,CN - RR 2  426415319138246,军工企业户,深圳芳林子,6691.46,6510.23,,31.099068,181.23,212.329068,
2025-07-30,印度,ZJ,GAAUS-LY-304  2072455606575973,美金户,凤凰&洛阳,6335.22,3265.01,,460.5315,3070.21,3530.7415,
2025-07-30,印度,ZJ,BA GLADIUS 4  936002028210213,印尼企业户,印度户印尼企业户,11133.54,10460.5,,60.5736,673.04,733.6136,
2025-07-30,印度,ZJ,GAAUS-LY-371  1201279381734621,美金户,凤凰&洛阳,15376.8,13273.09,,315.5565,2103.71,2419.2665,
2025-07-30,印度,ZJ,GAAUS-LY-370  754598553564328,美金户,凤凰&洛阳,15061.8,15057.12,,0.702,4.68,5.382,
2025-07-30,印度,MY,BA VORNIX 9  1412307579460468,印尼企业户,印度户印尼企业户,48615.19306,42600.47006,,481.17784,6014.723,6495.90084,
2025-07-29,德国,HW,GAAUS-LY-305  4099799743588524,美金户,凤凰&洛阳,1432.53,186.54,,186.8985,1245.99,1432.8885,
2025-07-30,意大利,HW,GAAUS-LY-305  4099799743588524,美金户,凤凰&洛阳,1856.17,376.77,,221.91,1479.4,1701.31,
2025-07-30,意大利,YK,GAAUS-LY-389  4357760397792421,美金户,凤凰&洛阳,2536.01,1467.18,,160.3245,1068.83,1229.1545,
2025-07-30,意大利,YJ,Vys_K6  1252992835525875,印度企业户,海总新渠道,1585.75625,1155.215875,,55.97024875,430.540375,486.5106238,
2025-07-30,意大利,YJ,GAAUS-LY-372  567761519708719,美金户,凤凰&洛阳,4694.42,4251.73,,66.4035,442.69,509.0935,
2025-07-30,尼日利亚,SG,Quu-4300  1145302554089087,二不限,十月二不限——（泰华）,42.76,,,0.4276,42.76,43.1876,
2025-07-30,德国,YJ,G-U-0711-Mobidata-01  2149142772254174,美金户,启航,2449.59,1964.64,,63.68030303,484.95,548.630303,
2025-07-31,印度,HW,Account Gabriel 29 UTC 00:00 IN USE  1676482926403173,美金企业户,启航,2366.93,1995.58,,66.843,371.35,438.193,
2025-07-31,印度,MY,BA VORNIX 9  1412307579460468,印尼企业户,印度户印尼企业户,48932.28331,48615.19306,,25.36722,317.09025,342.45747,
2025-07-31,印度,HY,GAAUS-LY-369  1954763398598009,美金户,凤凰&洛阳,47887.86,44061.7,,511.8105,3412.07,3923.8805,
2025-07-31,印度,HY,CN - Rosie 1  269887998456727,印度企业户,深圳芳林子,20896.84,19767.37,,193.817052,1129.47,1323.287052,
2025-07-31,印度,SG,CN - RR 2  426415319138246,军工企业户,深圳芳林子,9898.17,6691.46,,550.271436,3206.71,3756.981436,
2025-07-31,印度,SG,GAAUS-LY-375  4228148210748565,美金户,凤凰&洛阳,4079.42,,,611.913,4079.42,4691.333,
2025-07-31,印度,SG,GAAUS-LY-376  691019773639952,美金户,凤凰&洛阳,1.97,,,0.2955,1.97,2.2655,
2025-07-31,印度,SG,Alpha - 22-07-2025  1205097476842196,印度企业户,阿水 印度mom 11+1,734.599625,,,88.151955,734.599625,822.75158,
2025-07-31,意大利,HW,GAAUS-LY-305  4099799743588524,美金户,凤凰&洛阳,3401.12,1856.17,,231.7425,1544.95,1776.6925,
2025-07-31,意大利,YJ,GAAUS-LY-372  567761519708719,美金户,凤凰&洛阳,4930.77,4694.42,,35.4525,236.35,271.8025,
2025-07-30,德国,HW,GAAUS-LY-305  4099799743588524,美金户,凤凰&洛阳,3047.49,1432.53,,242.244,1614.96,1857.204,
2025-07-31,意大利,HW,FirstBridge_092  878991607007807,美金户,海总新渠道,154.47,,,21.6258,154.47,176.0958,
2025-07-31,意大利,YK,GAAUS-LY-389  4357760397792421,美金户,凤凰&洛阳,3630.45,2536.01,,164.166,1094.44,1258.606,
2025-07-31,德国,YK,M003_1327_+5.30_0725_19_M2  1199554925202723,美金户,凤凰&洛阳,849.78,700.69,,17.8908,149.09,166.9808,
2025-07-31,德国,YK,GAAUS-LY-389  4357760397792421,美金户,凤凰&洛阳,1087.5,318.68,,115.323,768.82,884.143,
2025-07-31,印度,ZJ,BA GLADIUS 4  936002028210213,印尼企业户,印度户印尼企业户,12652.12,11133.54,,136.6722,1518.58,1655.2522,
2025-07-31,印度,ZJ,GAAUS-LY-371  1201279381734621,美金户,凤凰&洛阳,19262.59,15376.8,,582.8685,3885.79,4468.6585,
2025-07-31,印度,ZJ,GAAUS-LY-370  754598553564328,美金户,凤凰&洛阳,16809.21,15061.8,,262.1115,1747.41,2009.5215,
2025-07-31,印度,ZJ,GAAUS-LY-379  1136735318493561,美金户,凤凰&洛阳,88.08,62.4,,3.852,25.68,29.532,
2025-07-31,印度,ZJ,GAAUS-LY-304  2072455606575973,美金户,凤凰&洛阳,7250.89,6335.22,,137.3505,915.67,1053.0205,
2025-07-31,尼日利亚,SG,Quu-4300  1145302554089087,二不限,十月二不限——（泰华）,87.29,42.76,,0.4453,44.53,44.9753,
2025-07-31,德国,YJ,G-U-0711-Mobidata-01  2149142772254174,美金户,启航,2595.63,2449.59,,19.1769697,146.04,165.2169697,
2025-07-31,德国,HW,GAAUS-LY-305  4099799743588524,美金户,凤凰&洛阳,3445.96,3047.49,,59.7705,398.47,458.2405,
2025-07-31,德国,HW,FirstBridge_092  878991607007807,美金户,海总新渠道,107.87,,,15.1018,107.87,122.9718,
2025-07-31,印度,SG,Alpha - 22-07-2025  1205097476842196,印度企业户,阿水 印度mom 11+1,755.8805,734.599625,,2.9793225,21.280875,24.2601975,
,,,,,,,,,,,,
,,,,,,,,,,,,
,,,,,,,,,,,,
2025-07-31,德国,ZJ,,,印度企业户 欧洲美金户,,,,1.08,9.0,10.08,
2025-07-31,德国,LYD,,,十月二不限——（泰华）,,,,0.01,0.59,0.6,
2025-07-31,德国,LYD,,,十月二不限——（泰华）,,,,0.18,17.5,17.68,
2025-07-31,德国,ZJ,,,十月二不限——（泰华）,,,,0.04,4.0,4.04,
2025-07-31,德国,MY,,,十月二不限——（泰华）,,,,0.03,2.9,2.93,
2025-07-31,德国,LYD,,,十月二不限——（泰华）,,,,0.01,0.56,0.57,
2025-07-31,德国,LYD,,,十月二不限——（泰华）,,,,0.47,46.72,47.19,
2025-07-31,德国,LYD,,,十月二不限——（泰华）,,,,0.0,0.14,0.14,
2025-07-31,德国,ZJ,,,十月二不限——（泰华）,,,,0.0,0.11,0.11,
2025-07-31,德国,ZJ,,,十月二不限——（泰华）,,,,0.03,0.25,0.28,
2025-07-31,德国,ZJ,,,十月二不限——（泰华）,,,,1.54,13.99,15.53,
2025-07-31,印度,HW,,,深圳芳林子,,,,3.41,30.73,34.14,
2025-07-31,意大利,XH,,,印度企业户 欧洲美金户,,,,0.67,5.55,6.22,
2025-07-31,西班牙,MY,,,凤凰&洛阳,,,,0.1,0.91,1.01,
2025-07-31,德国,YK,,,印度企业户 欧洲美金户,,,,2.08,17.37,19.45,
2025-07-31,德国,SG,,,印度企业户 欧洲美金户,,,,1.26,10.46,11.72,
2025-07-31,印度,MY,,,泰华&ME-FB海外户对接群,,,,1.0,9.08,10.08,
2025-07-31,印度,MY,,,泰华&ME-FB海外户对接群,,,,0.27,2.45,2.72,
2025-07-31,德国,ZJ,,,海总-黑泽-欧洲户对接,,,,3.95,43.49,47.44,
2025-07-31,德国,LYD,,,凤凰&洛阳,,,,0.02,0.16,0.18,
2025-07-31,德国,LYD,,,开户美国三不限户,,,,0.0,0.05,0.05,
2025-07-31,印度,HW,,,深圳芳林子,,,,0.87,5.09,5.96,
2025-07-31,德国,SG,,,十月二不限——（泰华）,,,,0.18,2.51,2.69,
2025-07-31,德国,MY,,,十月二不限——（泰华）,,,,0.08,8.47,8.55,
2025-07-31,德国,YK,,,启航,,,,0.58,5.18,5.76,
2025-07-31,德国,YK,,,启航,,,,0.25,2.23,2.48,
2025-07-31,德国,ZJ,,,启航,,,,1.07,9.63,10.7,
2025-07-31,德国,YK,,,十月二不限——（泰华）,,,,4.09,37.17,41.26,
2025-07-31,德国,YJ,,,十月二不限——（泰华）,,,,0.36,3.26,3.62,
2025-07-31,德国,YJ,,,十月二不限——（泰华）,,,,0.36,3.29,3.65,
2025-07-31,德国,YJ,,,启航,,,,7.1,63.94,71.04,
2025-07-31,德国,LYD,,,启航,,,,0.02,0.17,0.19,
2025-07-31,德国,YK,,,启航,,,,0.72,6.49,7.21,
2025-07-31,德国,ZJ,,,启航,,,,0.12,1.1,1.22,
2025-07-31,德国,ZJ,,,启航,,,,1.12,10.07,11.19,
2025-07-31,德国,LYD,,,深圳芳林子,,,,2.75,16.0,18.75,
2025-07-31,印度,LYD,,,海总新渠道,,,,2.63,23.89,26.52,
2025-07-31,德国,YK,,,深圳芳林子,,,,1.54,9.0,10.54,
2025-07-31,德国,LYD,,,十月二不限——（泰华）,,,,0.01,0.86,0.87,
2025-07-31,德国,LYD,,,开户美国三不限户,,,,0.1,1.48,1.58,
2025-07-31,印度,HY,,,深圳芳林子,,,,0.49,2.55,3.04,
2025-07-31,德国,YJ,,,十月二不限——（泰华）,,,,0.0,0.01,0.01,
2025-07-31,德国,LYD,,,启航,,,,1.43,8.36,9.79,
2025-07-31,印度,YJ,,,启航,,,,9.37,54.6,63.97,
2025-07-31,德国,LYD,,,印度企业户 欧洲美金户,,,,5.02,38.61,43.63,
2025-07-31,德国,YK,,,深圳芳林子,,,,0.1,0.58,0.68,
2025-07-31,印度,HY,,,印度企业户 欧洲美金户,,,,0.1,0.64,0.74,
2025-07-31,印度,LYD,,,印度企业户 欧洲美金户,,,,0.1,0.64,0.74,
2025-07-31,印度,HW,,,印度企业户 欧洲美金户,,,,18.48,123.19,141.67,
2025-07-31,德国,ZJ,,,济宁韦宁&香港有意思,,,,2.35,15.67,18.02,
2025-07-31,印度,HY,,,深圳芳林子,,,,15.07,78.57,93.64,
2025-07-31,印度,SG,,,深圳芳林子,,,,15.07,78.57,93.64,
2025-07-31,德国,YJ,,,十月二不限——（泰华）,,,,0.03,3.06,3.09,
2025-07-31,德国,SG,,,十月二不限——（泰华）,,,,0.01,0.64,0.65,
2025-07-31,德国,LYD,,,十月二不限——（泰华）,,,,0.0,0.39,0.39,
2025-07-31,德国,LYD,,,十月二不限——（泰华）,,,,0.01,0.9,0.91,
2025-07-31,印度,YJ,,,海总新渠道,,,,0.46,3.5,3.96,
2025-07-31,德国,LYD,,,启航,,,,0.06,0.49,0.55,
2025-07-31,印度,ZJ,,,深圳芳林子,,,,0.02,0.15,0.17,
2025-07-31,印度,HW,,,深圳芳林子,,,,18.22,128.94,147.16,
2025-07-31,德国,ZJ,,,启航,,,,3.6,27.38,30.98,
2025-07-31,德国,YJ,,,启航,,,,11.13,84.74,95.87,
2025-07-31,印度,HY,,,济宁韦宁&香港有意思,,,,9.11,101.24,110.35,
2025-07-31,德国,YK,,,凤凰&洛阳,,,,2.99,19.96,22.95,
2025-07-31,德国,YJ,,,凤凰&洛阳,,,,0.24,1.57,1.81,
2025-07-31,印度,HY,,,凤凰&洛阳,,,,1.85,12.32,14.17,
2025-07-31,德国,SG,,,十月二不限——（泰华）,,,,0.26,25.64,25.9,
2025-07-31,德国,HW,,,凤凰&洛阳,,,,0.05,0.35,0.4,
2025-07-31,印度,SG,,,海总新渠道10+1,,,,43.3,288.66,331.96,
2025-07-31,意大利,YJ,,,凤凰&洛阳,,,,5.38,44.8,50.18,
2025-07-31,德国,LYD,,,凤凰&洛阳,,,,9.36,62.4,71.76,
2025-07-31,印度,SG,,,路人互动-海总（50-7）山,,,,1.13,11.35,12.48,
2025-07-31,,,,,十月二不限——（泰华）,,,,,,,21.0
2025-07-31,,,,,凤凰&洛阳,,,,,,,30.0
2025-07-31,,,,,凤凰&洛阳,,,,,,,30.0
2025-07-31,,,,,启航,,,,,,,150.0
2025-07-31,,,,,十月二不限——（泰华）,,,,,,,42.0
2025-07-31,,,,,凤凰&洛阳,,,,,,,60.0
2025-07-31,,,,,凤凰&洛阳,,,,,,,30.0
2025-07-31,,,,,凤凰&洛阳,,,,,,,60.0
2025-07-31,,,,,凤凰&洛阳,,,,,,,60.0
2025-07-31,,,,,海总/户合作mom,,,,,,,100.0
2025-07-31,,,,,凤凰&洛阳,,,,,,,60.0
2025-07-31,,,,,路人互动-海总（50-7）山,,,,,,,50.0
2025-07-31,,,,,凤凰&洛阳,,,,,,,90.0
2025-07-31,,,,,十月二不限——（泰华）,,,,,,,21.0
2025-07-31,,,,,凤凰&洛阳,,,,,,,60.0
2025-07-31,,,,,凤凰&洛阳,,,,,,,180.0
2025-07-31,,,,,凤凰&洛阳,,,,,,,30.0
2025-07-31,,,,,深圳芳林子,,,,,,,55.0
2025-07-31,,,,,印度户印尼企业户,,,,,,,60.0
2025-07-31,,,,,凤凰&洛阳,,,,,,,150.0
2025-07-31,,,,,路人互动-海总（50-7）山,,,,,,,50.0
2025-07-31,,,,,凤凰&洛阳,,,,,,,120.0
2025-07-31,,,,,十月二不限——（泰华）,,,,,,,21.0
2025-07-31,,,,,凤凰&洛阳,,,,,,,90.0
2025-07-31,,,,,凤凰&洛阳,,,,,,,180.0
