7月收支财务报表,Unnamed: 3,Unnamed: 6,Unnamed: 7,Unnamed: 8,Unnamed: 9,Unnamed: 10,Unnamed: 11,Unnamed: 12,Unnamed: 13,Unnamed: 14,Unnamed: 15
,,,,,,,,,,,
,,,,,,,,,,,
"财务统计
STATISTICS",,7月收支明细 DETAIL,,,,,,,,,
,,序号,日期,收入,,,,支出,,,
月份查询,,,,项目,金额（¥）,备注,时间,项目,金额（¥）,备注,时间
7月,▼,1,2024-06-26 00:00:00,支付宝备用金,5000,,20：25,,,,
收入,,2,2024-06-27 00:00:00,,,,,广告配套,1836,账单户,14:03:00
36690,,3,2024-06-30 00:00:00,,,,,广告配套,1569,账单户,15:49:00
支出,,4,2024-06-30 00:00:00,支付宝备用金,10000,,19：24,,,,
26956.62,,5,2024-07-04 00:00:00,,,,,广告配套,1036,账单户,12:13:00
结余,,6,2024-07-07 00:00:00,,,,,广告配套,963,账单户,16:47:00
9733.38,,7,2024-07-09 00:00:00,,,,,广告配套,963,账单户,10：39
,,8,2024-07-11 00:00:00,,,,,广告配套,965,账单户,11：36
任意时段查询,,9,2024-07-11 00:00:00,,,,,广告配套,350,fb个号,13：28
起始日期：,,10,2024-07-12 00:00:00,,,,,广告配套,350,fb个号,19：58
2024-01-01 00:00:00,,11,2024-07-13 00:00:00,,,,,广告配套,350,fb个号,17：32
结束日期：,,12,2024-07-14 00:00:00,,,,,广告配套,965,账单户,15：54
2099-04-30 00:00:00,,13,2024-07-15 00:00:00,,,,,广告配套,350,fb个号,14：59
收入,,14,2024-07-16 00:00:00,,,,,广告配套,963,账单户,12：34
36690,,15,2024-07-18 00:00:00,,,,,广告配套,965,账单户,17：24
支出,,16,2024-07-21 00:00:00,,,,,广告配套,965,账单户,20：19
26956.62,,17,2024-07-22 00:00:00,,,,,广告配套,734,服务器,21：59
结余,,18,2024-07-22 00:00:00,,,,,广告配套,59.61,域名,22：29
9733.38,,19,2024-07-23 00:00:00,,,,,广告配套,350,fb个号,14：36
,,20,2024-07-23 00:00:00,支付宝备用金,21690,,21：58,微信备用金,1000,,21：02
,,21,2024-07-24 00:00:00,,,,,广告配套,350,fb个号,19：44
,,22,2024-07-27 00:00:00,,,,,广告配套,200,BM,17：08
,,23,2024-07-27 00:00:00,,,,,广告配套,350,fb个号,18：15
,,24,2024-07-28 00:00:00,,,,,广告配套,200,BM,22：02
,,25,2024-07-29 00:00:00,,,,,广告配套,200,BM,16：27
,,26,2024-07-30 00:00:00,,,,,广告配套,400,BM,10：06
,,27,2024-07-30 00:00:00,,,,,广告配套,200,BM,16：44
,,28,2024-07-30 00:00:00,,,,,广告配套,200,BM,18：32
,,29,2024-07-30 00:00:00,,,,,广告配套,700,fb个号,18：38
,,30,2024-07-31 00:00:00,,,,,广告配套,200,BM,19：32
,,31,2024-08-02 00:00:00,,,,,广告配套,200,BM,14：38
,,32,2024-08-03 00:00:00,,,,,广告配套,326,账单户,17：01
,,33,2024-08-03 00:00:00,,,,,广告配套,200,BM,22：42
,,34,2024-08-04 00:00:00,,,,,广告配套,200,BM,19:17:00
,,35,2024-08-04 00:00:00,,,,,广告配套,637,账单户,19：36
,,36,2024-08-05 00:00:00,,,,,广告配套,3000,万粉主页20,11：47
,,37,2024-08-05 00:00:00,,,,,广告配套,200,BM,12：11
,,38,2024-08-09 00:00:00,,,,,广告配套,200,BM,17：34
,,39,2024-08-09 00:00:00,,,,,广告配套,35,个号,17；40
,,40,2024-08-13 00:00:00,,,,,广告配套,175,个号,17：08
,,41,2024-08-21 00:00:00,,,,,广告配套,200,BM,14：26
,,42,2024-08-21 00:00:00,,,,,广告配套,1.12,远程邮箱,14：51
,,43,2024-08-23 00:00:00,,,,,广告配套,200,BM,12：45
,,44,2024-08-26 00:00:00,,,,,广告配套,1.02,谷歌邮箱*1,14:33:00
,,45,2024-08-26 00:00:00,,,,,广告配套,200,BM*10,16:23:00
,,46,2024-08-26 00:00:00,,,,,微信备用金,2000,,19:36:00
,,47,2024-08-29 00:00:00,,,,,广告配套,236,账单户*10,19:59:00
,,48,2024-08-30 00:00:00,,,,,广告配套,1011.87,账单户*50,21:23:00
,,49,2024-08-30 00:00:00,,,,,广告配套,200,BM*10,21:30:00
,,50,,,,,,,,,
,,51,,,,,,,,,
,,52,,,,,,,,,
,,53,,,,,,,,,
,,54,,,,,,,,,
,,55,,,,,,,,,
,,56,,,,,,,,,
,,57,,,,,,,,,
,,58,,,,,,,,,
,,59,,,,,,,,,
,,60,,,,,,,,,
,,61,,,,,,,,,
,,62,,,,,,,,,
,,63,,,,,,,,,
,,64,,,,,,,,,
,,65,,,,,,,,,
,,66,,,,,,,,,
,,67,,,,,,,,,
,,68,,,,,,,,,
,,69,,,,,,,,,
,,70,,,,,,,,,
,,71,,,,,,,,,
,,72,,,,,,,,,
,,73,,,,,,,,,
,,74,,,,,,,,,
,,75,,,,,,,,,
,,76,,,,,,,,,
,,77,,,,,,,,,
,,78,,,,,,,,,
,,79,,,,,,,,,
,,80,,,,,,,,,
,,81,,,,,,,,,
,,82,,,,,,,,,
,,83,,,,,,,,,
,,84,,,,,,,,,
,,85,,,,,,,,,
,,86,,,,,,,,,
,,87,,,,,,,,,
,,88,,,,,,,,,
,,89,,,,,,,,,
,,90,,,,,,,,,
,,91,,,,,,,,,
,,92,,,,,,,,,
,,93,,,,,,,,,
,,94,,,,,,,,,
,,95,,,,,,,,,
,,96,,,,,,,,,
,,97,,,,,,,,,
,,98,,,,,,,,,
,,99,,,,,,,,,
,,100,,,,,,,,,
,,101,,,,,,,,,
,,102,,,,,,,,,
,,103,,,,,,,,,
,,104,,,,,,,,,
,,105,,,,,,,,,
,,106,,,,,,,,,
,,107,,,,,,,,,
,,108,,,,,,,,,
,,109,,,,,,,,,
,,110,,,,,,,,,
,,111,,,,,,,,,
,,112,,,,,,,,,
,,113,,,,,,,,,
,,114,,,,,,,,,
,,115,,,,,,,,,
,,116,,,,,,,,,
,,117,,,,,,,,,
,,118,,,,,,,,,
,,119,,,,,,,,,
,,120,,,,,,,,,
,,121,,,,,,,,,
,,122,,,,,,,,,
,,123,,,,,,,,,
,,124,,,,,,,,,
,,125,,,,,,,,,
,,126,,,,,,,,,
,,127,,,,,,,,,
,,128,,,,,,,,,
,,129,,,,,,,,,
,,130,,,,,,,,,
,,131,,,,,,,,,
,,132,,,,,,,,,
,,133,,,,,,,,,
,,134,,,,,,,,,
,,135,,,,,,,,,
,,136,,,,,,,,,
,,137,,,,,,,,,
,,138,,,,,,,,,
,,139,,,,,,,,,
,,140,,,,,,,,,
,,141,,,,,,,,,
,,142,,,,,,,,,
,,143,,,,,,,,,
,,144,,,,,,,,,
,,145,,,,,,,,,
,,146,,,,,,,,,
,,147,,,,,,,,,
,,148,,,,,,,,,
,,149,,,,,,,,,
,,150,,,,,,,,,
,,151,,,,,,,,,
,,152,,,,,,,,,
,,153,,,,,,,,,
,,154,,,,,,,,,
,,155,,,,,,,,,
,,156,,,,,,,,,
,,157,,,,,,,,,
,,158,,,,,,,,,
,,159,,,,,,,,,
,,160,,,,,,,,,
,,161,,,,,,,,,
,,162,,,,,,,,,
,,163,,,,,,,,,
,,164,,,,,,,,,
,,165,,,,,,,,,
,,166,,,,,,,,,
,,167,,,,,,,,,
,,168,,,,,,,,,
,,169,,,,,,,,,
,,170,,,,,,,,,
,,171,,,,,,,,,
,,172,,,,,,,,,
,,173,,,,,,,,,
,,174,,,,,,,,,
,,175,,,,,,,,,
,,176,,,,,,,,,
,,177,,,,,,,,,
,,178,,,,,,,,,
,,179,,,,,,,,,
,,180,,,,,,,,,
,,181,,,,,,,,,
,,182,,,,,,,,,
,,183,,,,,,,,,
,,184,,,,,,,,,
,,185,,,,,,,,,
,,186,,,,,,,,,
,,187,,,,,,,,,
,,188,,,,,,,,,
,,189,,,,,,,,,
,,190,,,,,,,,,
,,191,,,,,,,,,
,,192,,,,,,,,,
,,193,,,,,,,,,
,,194,,,,,,,,,
,,195,,,,,,,,,
,,196,,,,,,,,,
,,197,,,,,,,,,
,,198,,,,,,,,,
,,199,,,,,,,,,
,,200,,,,,,,,,
,,201,,,,,,,,,
,,202,,,,,,,,,
,,203,,,,,,,,,
,,204,,,,,,,,,
,,205,,,,,,,,,
,,206,,,,,,,,,
,,207,,,,,,,,,
,,208,,,,,,,,,
,,209,,,,,,,,,
,,210,,,,,,,,,
,,211,,,,,,,,,
,,212,,,,,,,,,
,,213,,,,,,,,,
,,214,,,,,,,,,
,,215,,,,,,,,,
,,216,,,,,,,,,
,,217,,,,,,,,,
,,218,,,,,,,,,
,,219,,,,,,,,,
,,220,,,,,,,,,
,,221,,,,,,,,,
,,222,,,,,,,,,
,,223,,,,,,,,,
,,224,,,,,,,,,
,,225,,,,,,,,,
,,226,,,,,,,,,
,,227,,,,,,,,,
,,228,,,,,,,,,
,,229,,,,,,,,,
,,230,,,,,,,,,
,,231,,,,,,,,,
,,232,,,,,,,,,
,,233,,,,,,,,,
,,234,,,,,,,,,
,,235,,,,,,,,,
