日期,投手,账户,充值金额,备注,开户充值手续费,付款时间,付款金额,手续费
2025-12-09,LM,LEX 小九i 125  1282463519693496,2.0,掉绑,0.22,2025-11-01 00:00:00,,
2025-12-09,LD,LEX 小九i 126  1115169206854144,2.0,掉绑,0.22,,,
2025-12-11,LM,LEX 小九i 178  1417893476675237,2.0,停用,0.22,,,
2025-12-11,LD,LEX 小九i 179  1866834820874841,2.0,,0.22,,,
,,,,,,,,
,,,,,,,,
,,,,,,,,
,,,,,,,,
,,,,,,,,
,,,,,,,,
,,,,,,,,
,,,,,,,,
,,,,,,,,
,,,,,,,,
,,,,,,,,
,,,,,,,,
,,,,,,,,
,,,,,,,,
,,,,,,,,
,,,,,,,,
,,,,,,,,
,,,,,,,,
,,,,,,,,
,,,,,,,,
,,,,,,,,
,,,,,,,,
,,,,,,,,
,,,,,,,,
,,,,,,,,
,,,,,,,,
,,,,,,,,
,,,,,,,,
,,,,,,,,
,,,,,,,,
,,,,,,,,
,,,,,,,,
,,,,,,,,
,,,,,,,,
,,,,,,,,
,,,,,,,,
,,,,,,,,
,,,,,,,,
,,,,,,总计,0.0,0.0
