序号,人员,卡号,卡充值金额,转出金额,应消耗金额,卡状态,备注,Unnamed: 9,付款时间,付款金额,充值金额,手续费,Unnamed: 17
2025-10-10,HD,5450200051213593.0,70.0,,,在用,10/10开卡,,2025-12-08 00:00:00,101.0,100.0,1.0,100*1.01=101
2025-11-11,FD,5273756062613951.0,130.0,,,在用,11/11开卡,,2025-12-08 00:00:00,101.0,100.0,1.0,100*1.01=101
2025-11-12,MY,5273759783014640.0,25.0,19.05,5.95,已注销,11/14注销,已结算,2025-12-09 00:00:00,202.0,200.0,2.0,200*1.01=202
2025-11-14,MY,5450200086846904.0,143.0,,,在用,11/14开卡,,2025-12-10 00:00:00,202.0,200.0,2.0,200*1.01=202
2025-11-17,SZ1-DC,5450200072031461.0,100.0,0.0,100.0,已注销,12/16销卡,已结算,2025-12-15 00:00:00,101.0,100.0,1.0,100*1.01=101
2025-11-17,SZ1-ZQ,5273759750230302.0,1470.0,,,在用,11/17开卡,,2025-12-16 00:00:00,101.0,100.0,1.0,合并付款100*1.01=101
2025-11-21,SZ2-FF,5450200056140270.0,120.0,100.0,20.0,冻结,11/21开卡,已结算,2025-12-18 00:00:00,202.0,200.0,2.0,合并付款200*1.01=202
2025-11-23,SZ1-HJ,5450200077738458.0,110.0,110.0,0.0,已注销,12/16销卡,已结算,,,,,
2025-12-02,MM,5273759750940777.0,160.0,,,在用,12/3开卡,,,,,,
,,,,,,,,,,,,,
,,,,,,,,,,,,,
,,,,,,,,,,,,,
,,,,,,,,,,,,,
,,,,,,,,,,,,,
,,,,,,,,,,,,,
,,,,,,,,,,,,,
,,,,,,,,,,,,,
,,,,,,,,,,,,,
,,,,,,,,,,,,,
,,,,,,,,,,,,,
,,,,,,,,,,,,,
,,,,,,,,,,,,,
,,,,,,,,,,,,,
,,,,,,,,,,,,,
,,,,,,,,,,,,,
,,,,,,,,,,,,,
,,,,,,,,,,,,,
,,,,,,,,,,,,,
,,,,,,,,,,,,,
,,,,,,,,,,,,,
,,,,,,,,,,,,,
,,,,,,,,,,,,,
,,,,,,,,,,,,,
,,,,,,,,,,,,,
,,,,,,,,,,,,,
,,,,,,,,,,,,,
,,,,,,,,,,,,,
,,,,,,,,,,,,,
,,,,,,,,,,,,,
,,,,,,,,,,,,,
,,,,,,,,,,,,,
,,,,,,,,,,,,,
,,,,,,,,,总计,1010.0,,10.0,
