日期,投手,账户,充值金额,户商清零金额,提交清零金额,结算,备注,开户充值手续费,Unnamed: 10,付款时间,付款金额,充值金额.1,手续费,备用金,Unnamed: 17
2025-12-01,LM,Tencent IS Pte.Ltd +8 -089  270468399386879,500,0.0,0,/,总充值2500,55.5,二不限-106.05+三不限-8.19-555.5=-563.19=-669.75,2025-12-01 00:00:00,669.75,1000.0,111.0,441.25,1000*1.111-441.25=669.75
2025-12-03,LM,Tencent IS Pte.Ltd +8 -089  270468399386879,500,0.0,0,已结算12/8,总充值3000,55.5,"二不限备用金474.85/1.1/1.01+86.21/1.1/1.01=561.06/1.01/1.1=505.00
三不限备用金5",2025-12-05 00:00:00,599.94611,500.0,104.93611,4.99,（500-4.99）*1.1*1.01+开户费50=599.95
2025-12-05,YK,SGCC-WH-SC-01  1359405748555107,开户费,,停用,/,50+5+1,50.0,(5-500)*1.1*1.01-50=-599.95,2025-12-05 00:00:00,630.25,500.0,130.25,,500*1.05*1.01+开户费50*2=630.25
2025-12-05,LM,Tencent IS Pte.Ltd +8 -089  270468399386879,500,-752.34,754.37,已结算12/8,总充值3500,55.5,,2025-12-16 00:00:00,703.39,667.09,36.3,,600*1.05*1.01+67.09=703.39
2025-12-05,YK,SGCC-WH-SC-01  1359405748555107,100,-82.44,82.95,已结算12/12,开户,6.05,-630.25,2025-12-19 00:00:00,176.793895,300.0,47.803895,171.01,飞书三不限 171.01-300=-128.99*1.05*1.01+40=-176.79
2025-12-05,YK,SGCC-WH-SC-02  25251899997753326,100,0.0,0,已结算12/12,开户,6.05,,,,,,,
2025-12-05,YK,SGCC-WH-SC-03  888082373647170,100,-79.98,80.26,已结算12/12,开户,6.05,,,,,,,
2025-12-05,YK,SGCC-WH-SC-04  629627490176715,100,-89.65,89.26,已结算12/12,开户,6.05,,,,,,,
2025-12-05,YK,SGCC-WH-SC-05  1374080554125913,100,-48.81,49.84,已结算12/12,开户,6.05,,,,,,,
2025-12-08,SZ-LL,MHKM3-QZWES-01  1929591050985947,开户费,,,/,50+5+1,50.0,,,,,,,
2025-12-08,YK,MHKM3-GZXWL-01  894141633260646,开户费,,,,50+5+1,50.0,,,,,,,
2025-12-06,YK,SGCC-WH-SC-02  25251899997753326,200,-203.01,206.82,已结算12/12,总充值300,12.1,原二不限备用金353.11-212.1=141.01、三不限Ten752.34,,,,,,
2025-12-08,YK,MHKM3-GZXWL-01  894141633260646,100,-39.47,45.58,已结算12/12,开户,6.05,"三不限Ten752.34/1.05/1.01=709.42-500=209.42
原二不限 141.01",,,,,,
2025-12-08,YK,MHKM3-GZXWL-02  1198322152228234,100,-74.04,76.36,已结算12/18,开户,6.05,,,,,,,
2025-12-08,YK,MHKM3-GZXWL-03  1899600214096865,100,-26.43,31.56,已结算12/18,开户,6.05,,,,,,,
2025-12-08,YK,MHKM3-GZXWL-04  1163882255939456,100,-37.62,43.7,已结算12/12,开户,6.05,,,,,,,
2025-12-08,YK,MHKM3-GZXWL-05  4349961965261002,100,-9.55,13.82,已结算12/12,开户,6.05,,,,,,,
2025-12-12,,,,,,,,,二不限清零590.53+209.42=799.95、原二不限141.01、T三不限319.74,,,,,,
2025-12-13,YK,MHKM3-QZWES-01  1929591050985947,100,-63.82,65.42,已结算12/17,开户,6.05,"二不限清零799.95-500=299.95
原二不限141.01
T三不限319.74",,,,,,
2025-12-13,YK,MHKM3-QZWES-02  862367796163452,100,-46.73,47.48,已结算12/17,开户,6.05,,,,,,,
2025-12-13,YK,MHKM3-QZWES-03  1524672748798885,100,-48.76,52.71,已结算12/17,开户,6.05,,,,,,,
2025-12-13,YK,MHKM3-QZWES-04  1541666430415710,100,0.0,0,已结算12/17,开户,6.05,,,,,,,
2025-12-13,YK,MHKM3-QZWES-05  888568153741327,100,-100.0,100.01,已结算12/17,开户,6.05,,,,,,,
2025-12-14,YK,MHKM3-QZWES-04  1541666430415710,100,0.0,0,已结算12/17,总充值200,6.05,"二不限清零299.95-300=-0.05
原二不限141.01/1.05/1.01=132.97-0.05=132.91
T三不限319.74",,,,,,
2025-12-14,YK,MHKM3-QZWES-04  1541666430415710,200,0.0,0,已结算12/17,总充值400,12.1,,,,,,,
2025-12-15,YK,MHKM3-QZWES-04  1541666430415710,200,-144.22,159.54,已结算12/17,总充值600,12.1,"新二不限132.92-200=-67.09
T三不限319.74",,,,,,
2025-12-16,,,开户费*4,,,,,160.0,"谷歌户备用金162.29-160=2.29
新二不限-67.09*1.05*1.01
T三不限319.74+2.29=322.03",,,,,,
2025-12-16,YK,VS-uidpe-01  1630726818341370,100,-30.6,42.64,已结算12/17,开户,6.05,"新二不限-67.09-600*1.05*1.01=-703.39（少扣手续费）
T三不限319.74+2.29=322.03",,,,,,
2025-12-16,YK,VS-uidpe-02  1394194722170518,100,0.0,0,已结算12/19,开户,6.05,,,,,,,
2025-12-16,YK,VS-uidpe-03  1376939640543204,100,-22.2,26.34,已结算12/17,开户,6.05,,,,,,,
2025-12-16,YK,VD-gvjsi-01  2109179699829607,100,0.0,0,已结算12/19,开户,6.05,,,,,,,
2025-12-16,YK,VD-gvjsi-02  1193555309560693,100,-60.19,63.89,已结算12/17,开户,6.05,,,,,,,
2025-12-16,YK,VD-gvjsi-03  1974773603091376,100,-27.72,30.01,已结算12/17,开户,6.05,,,,,,,
2025-12-17,JK,Estar-(GMT+8)-1215-nancy-03  1215938900369042,100,,,,开户,11.1,"三不限322.03-100=222.03
新二不限清零403.53",,,,,,
2025-12-17,YK,VS-uidpe-02  1394194722170518,100,-60.85,66.5,已结算12/19,总充值200,6.05,"三不限222.03
新二不限清零403.53-212.1=191.43",,,,,,
2025-12-17,YK,VD-gvjsi-01  2109179699829607,100,-53.15,59.04,已结算12/19,总充值200,6.05,,,,,,,
2025-12-17,YK,VD-wofaf-02  865027129597091,100,-34.88,34.9,已结算12/18,开户,6.05,"三不限222.03
飞书清零191.43-212.1=-20.67",,,,,,
2025-12-17,YK,VD-wofaf-03  1457118719754753,100,-16.09,16.11,已结算12/18,开户,6.05,,,,,,,
2025-12-17,,,,,,,,,飞书清零-20.67、飞书二不限清零140.71,,,,,,
2025-12-17,HY,Estar-(GMT+3)-1212-nancy-02  650359861401189,100,,,,开户,11.1,"三不限222.03-100=122.03
新二不限清零191.43-200=-8.57、
飞书二不限清零140.71-8.57=132.14",,,,,,
2025-12-18,,,,,,,,,"三不限 122.03
新二不限清零 100.47+飞书二不限清零132.14",总计,2780.130005,,430.290005,,
2025-12-18,YK,XK-amkdf-01  715825931208554,开户费,,,,,40.0,"三不限 122.03
MHKM3清零 100.47
飞书二不限132.14+50.97=183.11-20.67=162.44+8.57=171.01(少扣8.57）
-300)*1.05*1.01-40=-176.79",,,,,,
2025-12-18,YK,XK-amkdf-01  715825931208554,100,,,,开户,6.05,,,,,,,
2025-12-18,YK,XK-amkdf-02  749443404838365,100,-32.62,33.23,已结算12/19,开户,6.05,,,,,,,
2025-12-18,YK,XK-amkdf-03  1508159370277026,100,-43.58,45.78,已结算12/19,开户,6.05,,,,,,,
2025-12-19,YK,XK-amkdf-01  715825931208554,100,,,,总充值200,6.05,"三不限 122.03
MHKM3清零 100.47
飞书二不限清零192.2-100=92.2",,,,,,
