日期,投手,账户,消耗,手续费转款,Unnamed: 10,付款时间,付款金额,充值金额,手续费,付款截图,Unnamed: 18
2025-12-19,JK,GFDL-1/nlm-859646609650884    859646609650884,45.6,6.84,326.3295,2025-12-19 00:00:00,326.33,0.0,326.33,,消耗*15%：6.84+8.51+310.98=326.33
2025-12-19,LM,GFDL-2/nlm-1639627036983440   1639627036983440,56.7,8.505,,,,,,,
2025-12-19,YK,GFDL-3/nlm-3701603103393246   3701603103393246,2073.23,310.9845,,,,,,,
,,,,,,,,,,,
,,,,,,,,,,,
,,,,,,,,,,,
,,,,,,,,,,,
,,,,,,,,,,,
,,,,,,,,,,,
,,,,,,,,,,,
,,,,,,,,,,,
,,,,,,,,,,,
,,,,,,,,,,,
,,,,,,,,,,,
,,,,,,,,,,,
,,,,,,,,,,,
,,,,,,,,,,,
,,,,,,,,,,,
,,,,,,,,,,,
,,,,,,,,,,,
,,,,,,,,,,,
,,,,,,,,,,,
,,,,,,,,,,,
,,,,,,,,,,,
,,,,,,,,,,,
,,,,,,,,,,,
,,,,,,,,,,,
,,,,,,,,,,,
,,,,,,,,,,,
,,,,,,,,,,,
,,,,,,,,,,,
,,,,,,,,,,,
,,,,,,,,,,,
,,,,,,,,,,,
,,,,,,,,,,,
,,,,,,,,,,,
,,,,,,,,,,,
,,,,,,,,,,,
,,,,,,,,,,,
,,,,,,,,,,,
,,,,,,,,,,,
,,,,,,,,,,,
,,,,,,总计,326.33,,326.33,TUzRKLhuwkcppEyh7yM7fzj1LspbJJ47Rp,
