日期,投手,账户,充值金额,户商清零金额,提交清零金额,转移金额,结算,备注,开户充值手续费,Unnamed: 10,付款时间,付款金额,充值金额.1,手续费,Unnamed: 17
2025-12-09,HY,LoLo - FKZ 1  1372225119928737,3.82526203,,,,,总充值3.83（100000印尼盾）,0.1912631015,,2025-12-10 00:00:00,105.0,100.0,5.0,100*1.05=105U
2025-12-09,LD,LoLo LT - FKZ 2  5460249463993189,1.912631015,,,,,总充值1.91（50000印尼盾）,0.09563155076,,,,,,
2025-12-10,HY,LoLo - FKZ 1  1372225119928737,100.0,-100.0,100.0,,已结算12/10,总充值100（2614200）,5.0,,,,,,
2025-12-10,LD,LoLo LT - FKZ 2  5460249463993189,100.0,,-2601315.0,,,总充值100（2614200）,5.0,清零转,,,,,
,,,,,,,,,,,,,,,
,,,,,,,,,,,,,,,
,,,,,,,,,,,,,,,
,,,,,,,,,,,,,,,
,,,,,,,,,,,,,,,
,,,,,,,,,,,,,,,
,,,,,,,,,,,,,,,
,,,,,,,,,,,,,,,
,,,,,,,,,,,,,,,
,,,,,,,,,,,,,,,
,,,,,,,,,,,,,,,
,,,,,,0.05,起充100，-晚10，26142,,,,,,,,
,,,,,,,,,,,,,,,
,,,,,,,,,,,,,,,
,,,,,,,,,,,,,,,
,,,,,,,,,,,,,,,
,,,,,,,,,,,,,,,
,,,,,,,,,,,,,,,
,,,,,,,,,,,,,,,
,,,,,,,,,,,,,,,
,,,,,,,,,,,,,,,
,,,,,,,,,,,,,,,
,,,,,,,,,,,,,,,
,,,,,,,,,,,,,,,
,,,,,,,,,,,,,,,
,,,,,,,,,,,,,,,
,,,,,,,,,,,,,,,
,,,,,,,,,,,,,,,
,,,,,,,,,,,,,,,
,,,,,,,,,,,,,,,
,,,,,,,,,,,,,,,
,,,,,,,,,,,,,,,
,,,,,,,,,,,,,,,
,,,,,,,,,,,,,,,
,,,,,,,,,,,,,,,
,,,,,,,,,,,,,,,
,,,,,,,,,,,,,,,
,,,,,,,,,,,,,,,
,,,,,,,,,,,总计,105.0,,5.0,
