日期,投手,账户,充值金额,户商清零金额,提交清零金额,转移金额,结算,备注,开户充值手续费,Unnamed: 10,付款时间,付款金额,充值金额.1,手续费,备用金,Unnamed: 17
2025-12-01,SZ1-ZQ,HA-A6538-USD(-7)-030  783687471235335,开户费,,,,,,50.0,-150,2025-12-04 00:00:00,221.1229,500.0,154.6529,433.53,（500-433.53）*1.07+开户费50*3=221.12
2025-12-02,,,,,,,,,,清零933.53-500=433.53，开户费-150,,,,,,
2025-12-04,YK,HA-A3336-USD(+7)-031  3091319487716790,500,-487.07,489.04,,已结算12/8,开户,35.0,(433.53-500)*1.07-150=-221.12,,,,,,
2025-12-08,,,,,,,,,,备用金487.07+468.68=955.75,,,,,,
2025-12-13,,,,,,,,,,备用金955.75+497.94=1453.69,,,,,,
,,,,,,,,,,消耗6.04-1453.69=1447.65,,,,,,
,,,,,,,,,,,,,,,,
,,,,,,,,,,,,,,,,
,,,,,,,,,,,,,,,,
,,,,,,,,,,,,,,,,
,,,,,,,,,,,,,,,,
,,,,,,,,,,,,,,,,
,,,,,,,,,,,,,,,,
,,,,,,,,,,,,,,,,
,,,,,,,,,,,,,,,,
,,,,,,,,,,,,,,,,
,,,,,,,,,,,,,,,,
,,,,,,,,,,,,,,,,
,,,,,退款,1448.89,,,,,,,,,,
,,,,,,-1447.65,,,,,,,,,,
,,,,,,,,,,,,,,,,
,,,,,,,,,,,,,,,,
,,,,,,,,,,,,,,,,
,,,,,,,,,,,,,,,,
,,,,,,,,,,,,,,,,
,,,,,,,,,,,,,,,,
,,,,,,,,,,,,,,,,
,,,,,,,,,,,,,,,,
,,,,,,,,,,,,,,,,
,,,,,,,,,,,,,,,,
,,,,,,,,,,,,,,,,
,,,,,,,,,,,,,,,,
,,,,,,,,,,,,,,,,
,,,,,,,,,,,,,,,,
,,,,,,,,,,,,,,,,
,,,,,,,,,,,,,,,,
,,,,,,,,,,,,,,,,
,,,,,,,,,,,,,,,,
,,,,,,,,,,,,,,,,
,,,,,,,,,,,,,,,,
,,,,,,,,,,,,,,,,
,,,,,,,,,,,,,,,,
,,,,,,,,,,,总计,221.1229,,154.6529,,
