日期,投手,账户,充值金额,户商清零金额,提交清零金额,转移金额,结算,备注,开户充值手续费,Unnamed: 10,付款时间,付款金额,充值金额.1,手续费,备用金,付款截图,Unnamed: 17
2025-12-01,HY,SONZDD-ADA+7-GX-324  1138647123633445,100,-92.99,93.0192,,已结算12/3,总充值110,10.0,"SON：(1033.64+803.31+2.24-840)*1.1=1099.11
MATER：(46.34-210)*1.07-50
2号SON清零74.69、MATER277.66+7.99
SON：(1033.64+803.31+2.24+74.69-1160)*1.1-开户费60=769.27
MATER：(46.34-210+277.66+7.99-350)*1.07-50-250=543.97
",2025-11-30 00:00:00,/,1050.0,198.7,,/,SZ 30*1.07开户费+50*3=182.1，ZZ 1050+148.7+50=1248.7
2025-12-01,YK,Matepro-ADA+7-QQB-562  1568521534521890,200,-218.93,225.99,,已结算12/2,总充值310,14.0,,2025-12-04 00:00:00,1279.57,1690.0,1061.9,3853.13,,"182.1+1248.7+19*50+1690+1061.9-3853.13=1,279.57"
2025-12-01,YJ,SONZDD-ADA+7-GX-325  1588943154783624,100,-86.97,87.06988,,已结算12/5,总充值110,10.0,,2025-12-16 00:00:00,917.1499999999996,2307.56,954.1,2344.51,,开户费760+2190+194.1+SZ117.56-2344.51=917.15
2025-12-01,JK,Matepro-ADA+7-QQB-609  784285624588465,开户费,,停用,,/,50+6+1,50.0,,2025-12-17 00:00:00,1483.24,1430.0,250.1,196.86,,"1430*1.07+50*3开户费-196.86=1,483.24"
2025-12-01,HY,Matepro-ADA+7-QQB-610  780349714756896,开户费,,停用,,,,50.0,,,,,,,,
2025-12-01,LD,Matepro-ADA+7-QQB-611  777932511716933,开户费,,停用,,/,,50.0,,,,,,,,
2025-12-01,LM,Matepro-ADA+7-QQB-612  1375811934061841,开户费,,停用,,/,,50.0,,,,,,,,
2025-12-01,YK,Matepro-ADA+7-QQB-608  2524710211240896,开户费,,停用,,/,,50.0,,,,,,,,
2025-12-01,JK,Matepro-ADA+7-QQB-609  784285624588465,10,-9.97,9.97,,已结算12/4,总充值10,0.7,,,,,,,,
2025-12-01,HY,Matepro-ADA+7-QQB-610  780349714756896,10,-10,10,,已结算12/3,总充值10,0.7,,,,,,,,
2025-12-01,LD,Matepro-ADA+7-QQB-611  777932511716933,10,-1.48,1.52,,已结算12/4,总充值10,0.7,,,,,,,,
2025-12-01,LM,Matepro-ADA+7-QQB-612  1375811934061841,10,0,0,,已结算12/6,总充值10,0.7,,,,,,,,
2025-12-01,YK,Matepro-ADA+7-QQB-608  2524710211240896,10,0,0,,,总充值10,0.7,,,,,,,,
2025-12-02,YK,Matepro-ADA+7-QQB-608  2524710211240896,100,-59.71,59.71,,已结算12/4,总充值110,7.0,,,,,,,,
2025-12-02,YJ,SONZDD-ADA+7-GX- 335  1523432218043022,开户费,,停用,,/,30+10%,30.0,,,,,,,,
2025-12-02,YK,SONZDD-ADA+7-GX- 336  285143393646678,开户费,,停用,,/,,30.0,,,,,,,,
2025-12-02,YJ,SONZDD-ADA+7-GX- 335  1523432218043022,10,0,0,,/,总充值10,1.0,,,,,,,,
2025-12-02,YK,SONZDD-ADA+7-GX- 336  285143393646678,10,0,0,,已结算12/6,总充值10,1.0,,,,,,,,
2025-12-02,HY,SONZDD-ADA+7-GX- 333  666999407790336,100,0,0,,已结算12/6,总充值110,10.0,,,,,,,,
2025-12-02,LD,SONZDD-ADA+7-GX-292  968326027225876,100,0,0,,已结算12/6,总充值210,10.0,"SON：(753.88+92.99-600)*1.1-开户费60=211.557
MATER：(-228.01-200+10)*1.07-300-250-250=-1247.27
",,,,,,,
2025-12-02,HY,Matepro-ADA+7-QQB-643  795806663302739,开户费,,停用,,/,50+6+1,50.0,,,,,,,,
2025-12-02,HY,Matepro-ADA+7-QQB-639  778848911663788,开户费,,停用,,/,,50.0,,,,,,,,
2025-12-02,SZ2-ZY,Matepro-ADA+7-QQB-640  2002851933798330,开户费,,,,,,50.0,,,,,,,,
2025-12-02,SZ1-ZQ,Matepro-ADA+7-QQB-641  662684019849669,开户费,,,,,,50.0,,,,,,,,
2025-12-02,SZ-YX,Matepro-ADA+7-QQB-642  2551465875201348,开户费,,,,,,50.0,,,,,,,,
2025-12-02,HY,Matepro-ADA+7-QQB-643  795806663302739,10,-10,10,,已结算12/4,总充值10,0.7,,,,,,,,
2025-12-02,HY,Matepro-ADA+7-QQB-639  778848911663788,10,0,0,,已结算12/5,总充值10,0.7,,,,,,,,
2025-12-02,SZ2-ZY,Matepro-ADA+7-QQB-640  2002851933798330,10,,,,,总充值10,0.7,,,,,,,,
2025-12-02,SZ1-ZQ,Matepro-ADA+7-QQB-641  662684019849669,10,,,,,总充值10,0.7,,,,,,,,
2025-12-02,SZ-YX,Matepro-ADA+7-QQB-642  2551465875201348,10,,,,,总充值10,0.7,,,,,,,,
2025-12-02,LD,SONZDD-ADA+7-GX-292  968326027225876,200,0,0,,已结算12/6,总充值410,20.0,,,,,,,,
2025-12-03,LM,Matepro-ADA+7-QQB-612  1375811934061841,100,-42.7,53.67,,已结算12/6,总充值110,7.0,,,,,,,,
2025-12-03,LD,SONZDD-ADA+7-GX-292  968326027225876,200,-195.83,195.99728,,已结算12/6,总充值610,20.0,,,,,,,,
2025-12-03,JK,Jokepro-ADA+7-QQB-03  1493710155296106,开户费,,停用,,/,50开户费6+1,50.0,,,,,,,,
2025-12-03,JK,Jokepro-ADA+7-QQB-04  1868121760436927,开户费,,停用,,/,,50.0,,,,,,,,
2025-12-03,HY,Jokepro-ADA+7-QQB-01  5029042487320118,开户费,,停用,,,,50.0,,,,,,,,
2025-12-03,SZ1-ZQ,Jokepro-ADA+7-QQB-02  3126233774220923,开户费,,,,,,50.0,,,,,,,,
2025-12-03,LD,Jokepro-ADA+7-QQB-03  4166924866904260,开户费,,,,,,50.0,,,,,,,,
2025-12-03,JK,Jokepro-ADA+7-QQB-03  1493710155296106,10,-0.16,0.16,,已结算12/16,总充值10,0.7,,,,,,,,
2025-12-03,JK,Jokepro-ADA+7-QQB-04  1868121760436927,10,-6.66,6.66,,已结算12/6,总充值10,0.7,,,,,,,,
2025-12-03,HY,Jokepro-ADA+7-QQB-01  5029042487320118,10,,0,,,总充值10,0.7,,,,,,,,
2025-12-03,SZ1-ZQ,Jokepro-ADA+7-QQB-02  3126233774220923,10,,,,,总充值10,0.7,,,,,,,,
2025-12-03,LD,Jokepro-ADA+7-QQB-03  4166924866904260,10,,,,,总充值10,0.7,,总计,3679.96,,2464.8,,,
2025-12-03,YK,SONZDD-ADA+7-GX- 336  285143393646678,100,0,0,,已结算12/6,总充值110,10.0,,,,,,,,
2025-12-04,,,,,,,,,,"SON：(246.87)*1.1-开户费60=211.557
MATER：(-418.01+81.16+10)*1.07-300-250-250=-1149.729",,,,,,,
2025-12-04,HY,Matepro-ADA+7-QQB-672  1251262999930791,开户费,,停用,,/,/,50.0,"SON：(246.87-200)*1.1-开户费60=-8.44
MATER：(-418.01+81.16+10-20)*1.07-300-250-250-100=-1271.13
总：-8.44-1271.13=-1279.57",,,,,,,
2025-12-04,YJ,Matepro-ADA+7-QQB-673  694467656845796,开户费,,停用,,/,/,50.0,,,,,,,,
2025-12-04,HY,Matepro-ADA+7-QQB-672  1251262999930791,10,0,0,,已结算12/15,总充值10,0.7,,,,,,,,
2025-12-04,YJ,Matepro-ADA+7-QQB-673  694467656845796,10,0,0,,已结算12/10,总充值10,0.7,,,,,,,,
2025-12-04,HY,SONZDD-ADA+7-GX- 333  666999407790336,200,0,0,,已结算12/6,总充值310,20.0,,,,,,,,
2025-12-04,HY,SONZDD-ADA+7-GX- 333  666999407790336,200,-269.73,275.55076,,已结算12/6,总充值510,20.0,"SON/GO：(-430-SZ200-10+5号清零86.97+6号清零890.03)*1.1-开户费90-30=250.70
MA：(清零9.97-20-20+6号清零56.81)*1.07-开户费100-100=-171.345
",,,,,,,
2025-12-05,YK,SONZDD-ADA+7-GX- 336  285143393646678,200,-251.61,251.70336,,已结算12/6,总充值310,20.0,,,,,,,,
2025-12-05,HY,Matepro-ADA+7-QQB-689  1144451290944237,开户费,,停用,,/,,50.0,,,,,,,,
2025-12-05,LM,Matepro-ADA+7-QQB-688  3823629751267476,开户费,,停用,,/,,50.0,,,,,,,,
2025-12-05,HY,Matepro-ADA+7-QQB-689  1144451290944237,10,-9.7,9.71,,已结算12/9,总充值10,0.7,,,,,,,,
2025-12-05,LM,Matepro-ADA+7-QQB-688  3823629751267476,10,-7.4,7.4,,已结算12/9,总充值10,0.7,,,,,,,,
2025-12-05,YK,SONZDD-ADA+7-GX-345  657087642139726,开户费,,停用,,/,,30.0,,,,,,,,
2025-12-05,SZ1-ZQ,SONZDD-ADA+7-GX-347  2091387551018117,开户费,,,,,,30.0,,,,,,,,
2025-12-05,JK,SONZDD-ADA+7-GX-346  663517608156247,开户费,,,,,,30.0,,,,,,,,
2025-12-05,YK,SONZDD-ADA+7-GX-345  657087642139726,10,0,0,,已结算12/8,总充值10,1.0,,,,,,,,
2025-12-05,SZ1-ZQ,SONZDD-ADA+7-GX-347  2091387551018117,10,,3.98848,,,总充值10,1.0,,,,,,,,
2025-12-05,JK,SONZDD-ADA+7-GX-346  663517608156247,10,,,,,总充值10,1.0,,,,,,,,
2025-12-06,YK,SONZDD-ADA+7-GX-352  1353385945103386,开户费,,停用,,/,,30.0,,,,,,,,
2025-12-06,YK,SONZDD-ADA+7-GX-352  1353385945103386,10,0,0,,已结算12/13,总充值10,0.7,,,,,,,,
2025-12-06,YK,Matepro-ADA+7-QQB-695  2518148615245256,开户费,,停用,,/,,50.0,,,,,,,,
2025-12-06,YK,Matepro-ADA+7-QQB-696  2176891486121642,开户费,,停用,,/,,50.0,,,,,,,,
2025-12-06,YK,Matepro-ADA+7-QQB-695  2518148615245256,10,0,0,,已结算12/9,总充值10,0.7,,,,,,,,
2025-12-06,YK,Matepro-ADA+7-QQB-696  2176891486121642,10,0,0,,已结算12/9,总充值10,0.7,,,,,,,,
2025-12-07,YK,SONZDD-ADA+7-GX-345  657087642139726,100,-100,100,,已结算12/8,总充值110,10.0,"SON/GO：(337-300+8号清零100)*1.1-开户费120=30.7
MA：(26.78-300)*1.07-开户费200=-492.35
",,,,,,,
2025-12-08,YK,Matepro-ADA+7-QQB-695  2518148615245256,100,-35.47,38.01,,已结算12/9,总充值110,10.0,,,,,,,,
2025-12-08,YK,Matepro-ADA+7-QQB-696  2176891486121642,100,-31.56,33.67,,已结算12/9,总充值110,10.0,,,,,,,,
2025-12-08,YK,SONZDD-ADA+7-GX-352  1353385945103386,100,-79.57,79.76004,,已结算12/13,总充值110,7.0,,,,,,,,
2025-12-08,YJ,Matepro-ADA+7-QQB-673  694467656845796,100,-57.57,59.47,,已结算12/10,总充值110,7.0,,,,,,,,
2025-12-08,LD,SONZDD-ADA+7-GX- 332  880299889307472,100,-100.02,100.0202,,已结算12/9,总充值110,10.0,,,,,,,,
2025-12-09,HY,Matepro-ADA+8-QQB-730  1995443277941913,开户费,,停用,,/,50+6+1,50.0,"SON/GO：(137-10+103.88)*1.1-开户费120-30=103.97
MA：(-273.22-30+84.13)*1.07-开户费200-150=-584.43
M清零84.13、SON清零103.88",,,,,,,
2025-12-09,YJ,Matepro-ADA+8-QQB-731  1170635514911007,开户费,,,,,,50.0,,,,,,,,
2025-12-09,HY,Matepro-ADA+8-QQB-730  1995443277941913,10,-8.85,8.87,,已结算12/10,总充值10,0.7,,,,,,,,
2025-12-09,YJ,Matepro-ADA+8-QQB-731  1170635514911007,10,,,,,总充值10,0.7,,,,,,,,
2025-12-09,YK,Matepro-ADA+7-QQB-734  1051843140250821,开户费,,,,,,50.0,,,,,,,,
2025-12-09,YK,Matepro-ADA+7-QQB-734  1051843140250821,10,,,,,总充值10,0.7,,,,,,,,
2025-12-09,YK,SONZDD-ADA+7-GX-355  918428929037748,开户费,,停用,,/,/,30.0,,,,,,,,
2025-12-09,YK,SONZDD-ADA+7-GX-355  918428929037748,10,0,0,,已结算12/15,总充值10,1.0,,,,,,,,
2025-12-10,YJ,Matepro-ADA+8-QQB-731  1170635514911007,100,,,,,总充值110,7.0,"MA清零66.42、SON清零273.79
SON/GO：(230.88+273.79)*1.1-开户费150=405.14
MA：(-219.09-110+66.42)*1.07-开户费350=-631.06",,,,,,,
2025-12-10,HY,Matepro-ADA+8-QQB-744  2014784989291330,10,0,0,730换的,已结算12/13,总充值10,0.7,,,,,,,,
2025-12-11,YK,SONZDD-ADA+7-GX-355  918428929037748,100,-41.33,44.45204,,已结算12/15,总充值110,10.0,"SON/GO：(230.88+273.79-100)*1.1-开户费150=295.14
MA：(-219.09-110+66.42-100)*1.07-开户费350=-631.06",,,,,,,
2025-12-11,HY,Matepro-ADA+8-QQB-744  2014784989291330,100,-94.12,95.65,,已结算12/13,总充值110,7.0,,,,,,,,
2025-12-13,YK,Matepro-ADA+7-QQB-672  1251262999930791,100,-33.92,41.47,,已结算12/15,总充值110,7.0,"S清零79.57、M清零94.12
SON/GO：(404.67+79.57)*1.1-开户费150=382.66
MA：(-362.67+94.12-100)*1.07-开户费350=-744.35",,,,,,,
2025-12-15,JK,SONZDD-ADA+7-GX-346  663517608156247,100,,,,,总充值110,10.0,"son清零 41.33、M清零 33.92
SON/GO：(484.24+41.33-120)*1.1-开户费150-开户费60=236.13
MA：(-368.55+33.92-20)*1.07-开户费350-开户费100=-829.45",,,,,,,
2025-12-15,YK,SONZDD-ADA+7-GX-361  226474562977689,开户费,,停用,,/,,30.0,,,,,,,,
2025-12-15,YK,SONZDD-ADA+7-GX-362  253183416920600,开户费,,停用,,/,,30.0,,,,,,,,
2025-12-15,YK,Matepro-ADA+7-QQB-779  2028478607916752,开户费,,停用,,/,,50.0,,,,,,,,
2025-12-15,YK,Matepro-ADA+7-QQB-780  761447176886570,开户费,,停用,,/,,50.0,,,,,,,,
2025-12-15,YK,SONZDD-ADA+7-GX-361  226474562977689,10,-5.58,5.81888,,已结算12/17,总充值10,1.0,,,,,,,,
2025-12-15,YK,SONZDD-ADA+7-GX-362  253183416920600,10,0,0,,已结算12/17,总充值10,1.0,,,,,,,,
2025-12-15,YK,Matepro-ADA+7-QQB-779  2028478607916752,10,0,0,,已结算12/18,总充值10,0.7,,,,,,,,
2025-12-15,YK,Matepro-ADA+7-QQB-780  761447176886570,10,0,0,,已结算12/17,总充值10,0.7,,,,,,,,
2025-12-16,YK,Matepro-ADA+7-QQB-780  761447176886570,100,-90.11,91.82,,已结算12/17,总充值110,7.0,"M清零 0.16
SON/GO：(405.57-100)*1.1-开户费150-开户费60=126.13
MA：(-354.63-200+0.16)*1.07-开户费350-开户费100=-1043.28
备用金126.13-1043.28=-917.15",,,,,,,
2025-12-16,YK,SONZDD-ADA+7-GX-362  253183416920600,100,-85.73,87.93368,,已结算12/17,总充值110,10.0,,,,,,,,
2025-12-16,YK,Matepro-ADA+7-QQB-779  2028478607916752,100,0,0,,已结算12/18,总充值110,7.0,,,,,,,,
2025-12-16,YK,Matepro-ADA+7-QQB-779  2028478607916752,100,0,0,,已结算12/18,总充值210,7.0,"SON清零91.31、M清零90.11
SON 91.31*1.1+(90.11-1430)*1.07-150=-1483.24",,,,,,,
2025-12-17,YK,Matepro-ADA+7-QQB-779  2028478607916752,100,0,0,,已结算12/18,总充值310,7.0,,,,,,,,
2025-12-17,YK,Matepro-ADA+7-QQB-779  2028478607916752,200,-214.94,226.63,,已结算12/18,总充值510,14.0,,,,,,,,
2025-12-17,YK,Matepro-ADA-7-QQB-836  695164559591987,开户费,,停用,,,,50.0,,,,,,,,
2025-12-17,YK,Matepro-ADA+7-QQB-837  813947034379674,开户费,,停用,,,,50.0,,,,,,,,
2025-12-17,LD,Matepro-ADA-7+QQB-838  1418995982643164,开户费,,,,,,50.0,,,,,,,,
2025-12-17,YK,Matepro-ADA-7-QQB-836  695164559591987,10,0,0,,,总充值10,0.7,,,,,,,,
2025-12-17,YK,Matepro-ADA+7-QQB-837  813947034379674,10,0,0,,,总充值10,0.7,,,,,,,,
2025-12-17,LD,Matepro-ADA-7+QQB-838  1418995982643164,10,,,,,总充值10,0.7,,,,,,,,
2025-12-17,YJ,Matepro-ADA+7-QQB-197  2505434869822556,500,,,,,总充值1100,35.0,,,,,,,,
2025-12-17,YJ,Matepro-ADA+8-QQB-731  1170635514911007,500,,,,,总充值610,35.0,,,,,,,,
2025-12-18,YK,Matepro-ADA-7-QQB-836  695164559591987,100,,101.51,,,总充值110,7.0,,,,,,,,
2025-12-18,YK,Matepro-ADA+7-QQB-837  813947034379674,100,,84.71,,,总充值110,7.0,,,,,,,,
2025-12-18,YK,Matepro-ADA+7-QQB-867  1810155726580530,开户费,,,,,,50.0,,,,,,,,
2025-12-18,YK,Matepro-ADA+7-QQB-868  1067338338873905,开户费,,,,,,50.0,,,,,,,,
2025-12-18,YK,Matepro-ADA+7-QQB-867  1810155726580530,10,,,,,总充值10,0.7,,,,,,,,
2025-12-18,YK,Matepro-ADA+7-QQB-868  1067338338873905,10,,,,,总充值10,0.7,,,,,,,,
2025-12-18,LD,Jokepro-ADA+7-QQB-03  4166924866904260,100,,,,,总充值110,7.0,,总计,0,,0.0,,,
2025-12-18,JK,SONZDD-ADA+7-GX-346  663517608156247,300,,,,,总充值410,30.0,,,,,,,,
2025-12-19,YK,Matepro-ADA+7-QQB-868  1067338338873905,100,,,,,总充值110,7.0,,,,,,,,
,,,,,,,,,,,,,,,,,
,,,,,,,,,,,,,,,,,
,,,,,,,,,,,,,,,,,
,,,,,,,,,,,,,,,,,
,,,,,,,,,,,,,,,,,
,,,,,,,,,,,,,,,,,
,,,,,,,,,,,,,,,,,
,,,,,,,,,,,,,,,,,
,,,,,,,,,,,,,,,,,
,,,GO,20+9+1,,,,,,,,,,,,,
,,,Matepro,50+6+1,,,,,,,,,,,,,
,,,GO、SON、GT,-85.06,-93.566,-140.266,,,,,,,,,,,
,,,Matepro、JO,190,-46.7,,,,,,,,,,,,
